Date UTC,bms-Jaguar 1  Unit 21B8  bms_1-MinCellV (max),bms-Jaguar 1  Unit 21B8  bms_2-MinCellV (max),bms-Jaguar 1  Unit 21B8  bms_1-SysVoltage (max),bms-Jaguar 1  Unit 21B8  bms_2-SysVoltage (max),bms-Jaguar 1  Unit 21B8  bms_1-SysCurrent (max),bms-Jaguar 1  Unit 21B8  bms_2-SysCurrent (max),unit-Jaguar 1  Unit 21B8-PCS_P (max),pcs-Jaguar 1  Unit 21B8  pcs_1-DCA (max),pcs-Jaguar 1  Unit 21B8  pcs_1-kW (max)
2025-08-25T16:05:00.000+00:00,3.3,3.212,1374.3,1338,5.6,9.7,0,7,-2
2025-08-25T16:10:00.000+00:00,3.3,3.212,1374.3,1337.9,5.6,9.7,0,7,-1
2025-08-25T16:15:00.000+00:00,3.3,3.212,1374.3,1337.7,5.5,9.7,0,7,-1
2025-08-25T16:20:00.000+00:00,3.3,3.211,1374.3,1337.7,5.5,9.7,0,7,-2
2025-08-25T16:25:00.000+00:00,3.3,3.211,1374.3,1337.6,5.5,9.4,0,6,-1
2025-08-25T16:30:00.000+00:00,3.3,3.211,1374.2,1337.4,5.6,9.7,0,7,-2
2025-08-25T16:35:00.000+00:00,3.3,3.211,1374.2,1337.3,5.6,9.6,0,7,-2
2025-08-25T16:40:00.000+00:00,3.3,3.21,1374,1337.3,5.4,9.5,0,6,-1
2025-08-25T16:45:00.000+00:00,3.3,3.21,1373.9,1337,5.4,9.6,0,6,-1
2025-08-25T16:50:00.000+00:00,3.299,3.21,1373.9,1336.9,5.5,9.5,0,6,-2
2025-08-25T16:55:00.000+00:00,3.299,3.21,1373.9,1336.9,5.5,9.6,0,6,-1
2025-08-25T17:00:00.000+00:00,3.299,3.209,1373.9,1336.8,5.5,9.5,0,6,-1
2025-08-25T17:05:00.000+00:00,3.299,3.209,1373.9,1336.7,5.5,9.4,0,7,-1
2025-08-25T17:10:00.000+00:00,3.299,3.209,1373.9,1336.5,5.5,9.6,0,6,-2
2025-08-25T17:15:00.000+00:00,3.299,3.209,1373.9,1336.5,5.4,9.7,0,6,-2
2025-08-25T17:20:00.000+00:00,3.299,3.209,1373.9,1336.4,5.5,9.4,0,7,-2
2025-08-25T17:25:00.000+00:00,3.299,3.208,1373.8,1336.3,5.5,9.6,0,7,-1
2025-08-25T17:30:00.000+00:00,3.299,3.208,1373.8,1336.2,5.4,9.5,0,6,-2
2025-08-25T17:35:00.000+00:00,3.299,3.208,1373.8,1336.1,5.5,9.6,0,6,-2
2025-08-25T17:40:00.000+00:00,3.299,3.208,1373.8,1336.1,5.5,9.6,0,6,-1
2025-08-25T17:45:00.000+00:00,3.299,3.207,1373.7,1336.1,5.5,9.5,0,6,-1
2025-08-25T17:50:00.000+00:00,3.298,3.207,1373.6,1335.8,5.5,9.6,0,7,-1
2025-08-25T17:55:00.000+00:00,3.298,3.207,1373.5,1335.8,5.5,9.6,0,6,-2
2025-08-25T18:00:00.000+00:00,3.298,3.207,1373.5,1335.8,5.6,9.7,0,7,-2
2025-08-25T18:05:00.000+00:00,3.298,3.207,1373.5,1335.7,5.6,9.6,0,6,-2
2025-08-25T18:10:00.000+00:00,3.298,3.207,1373.5,1335.7,5.6,9.5,0,6,-1
2025-08-25T18:15:00.000+00:00,3.298,3.206,1373.5,1335.6,5.5,9.6,0,7,-1
2025-08-25T18:20:00.000+00:00,3.298,3.206,1373.5,1335.4,5.5,9.8,0,7,-2
2025-08-25T18:25:00.000+00:00,3.298,3.206,1373.5,1335.4,5.5,9.6,0,6,-2
2025-08-25T18:30:00.000+00:00,3.298,3.206,1373.5,1335.3,5.5,9.7,0,6,-2
2025-08-25T18:35:00.000+00:00,3.298,3.206,1373.5,1335.3,5.6,9.5,0,7,-2
2025-08-25T18:40:00.000+00:00,3.298,3.206,1373.5,1335.2,5.5,9.6,0,7,-2
2025-08-25T18:45:00.000+00:00,3.298,3.205,1373.4,1335.1,5.6,9.6,0,7,-2
2025-08-25T18:50:00.000+00:00,3.298,3.205,1373.3,1335.1,5.6,9.7,0,7,-2
2025-08-25T18:55:00.000+00:00,3.298,3.205,1373.3,1335,5.6,9.8,0,7,-2
2025-08-25T19:00:00.000+00:00,3.298,3.205,1373.2,1334.9,5.6,9.9,0,7,-2
2025-08-25T19:05:00.000+00:00,3.297,3.205,1373.2,1334.9,5.6,9.6,0,7,-2
2025-08-25T19:10:00.000+00:00,3.297,3.205,1373.2,1334.9,5.5,9.7,0,7,-1
2025-08-25T19:15:00.000+00:00,3.297,3.205,1373.1,1334.7,5.6,9.6,0,7,-1
2025-08-25T19:20:00.000+00:00,3.297,3.204,1373.1,1334.6,5.4,9.5,0,6,-2
2025-08-25T19:25:00.000+00:00,3.297,3.204,1373.1,1334.6,5.5,9.5,0,7,-2
2025-08-25T19:30:00.000+00:00,3.297,3.204,1373.1,1334.5,5.5,9.6,0,7,-2
2025-08-25T19:35:00.000+00:00,3.297,3.204,1373.1,1334.5,5.5,9.6,0,7,-2
2025-08-25T19:40:00.000+00:00,3.297,3.204,1373.1,1334.5,5.5,9.6,0,6,-2
2025-08-25T19:45:00.000+00:00,3.297,3.204,1373.1,1334.5,5.5,9.5,0,7,-2
2025-08-25T19:50:00.000+00:00,3.297,3.203,1373.1,1334.4,5.6,9.6,0,7,-2
2025-08-25T19:55:00.000+00:00,3.297,3.203,1373.1,1334.3,5.4,9.5,0,7,-2
2025-08-25T20:00:00.000+00:00,3.297,3.203,1373.1,1334.2,5.5,9.6,0,6,-2
2025-08-25T20:05:00.000+00:00,3.297,3.203,1373.1,1334.2,5.5,9.6,0,7,-2
2025-08-25T20:10:00.000+00:00,3.297,3.203,1373.1,1334.1,5.4,10,0,6,-2
2025-08-25T20:15:00.000+00:00,3.297,3.203,1373.1,1334.1,5.6,9.6,0,7,-2
2025-08-25T20:20:00.000+00:00,3.297,3.203,1373,1334.1,5.6,9.7,0,7,-2
2025-08-25T20:25:00.000+00:00,3.297,3.203,1373,1334.1,5.5,9.5,0,7,-2
2025-08-25T20:30:00.000+00:00,3.296,3.203,1372.9,1334,5.5,9.5,0,6,-2
2025-08-25T20:35:00.000+00:00,3.297,3.202,1372.9,1333.9,5.5,9.6,0,6,-2
2025-08-25T20:40:00.000+00:00,3.296,3.202,1372.8,1333.8,5.6,9.6,0,7,-2
2025-08-25T20:45:00.000+00:00,3.296,3.202,1372.8,1333.7,5.8,9.9,0,7,-2
2025-08-25T20:50:00.000+00:00,3.296,3.202,1372.7,1333.7,5.5,9.6,0,7,-2
2025-08-25T20:55:00.000+00:00,3.296,3.202,1372.7,1333.7,5.5,9.5,0,6,-2
2025-08-25T21:00:00.000+00:00,3.296,3.202,1372.7,1333.7,5.6,9.5,0,7,-2
2025-08-25T21:05:00.000+00:00,3.296,3.202,1372.7,1333.7,5.5,9.7,0,7,-1
2025-08-25T21:10:00.000+00:00,3.296,3.202,1372.7,1333.6,5.5,9.7,0,7,-2
2025-08-25T21:15:00.000+00:00,3.296,3.202,1372.7,1333.5,5.6,9.7,0,7,-2
2025-08-25T21:20:00.000+00:00,3.296,3.201,1372.7,1333.4,5.5,9.4,0,6,-2
2025-08-25T21:25:00.000+00:00,3.296,3.201,1372.7,1333.3,5.4,9.5,0,7,-1
2025-08-25T21:30:00.000+00:00,3.296,3.201,1372.7,1333.3,5.4,9.6,0,7,-2
2025-08-25T21:35:00.000+00:00,3.296,3.201,1372.7,1333.3,5.5,9.4,0,7,-2
2025-08-25T21:40:00.000+00:00,3.296,3.201,1372.7,1333.3,5.6,9.5,0,7,-2
2025-08-25T21:45:00.000+00:00,3.296,3.201,1372.6,1333.3,5.4,9.6,0,7,-2
2025-08-25T21:50:00.000+00:00,3.296,3.2,1372.6,1333.3,5.4,9.4,0,7,-2
2025-08-25T21:55:00.000+00:00,3.296,3.2,1372.5,1333.2,5.5,9.6,0,7,-2
2025-08-25T22:00:00.000+00:00,3.296,3.2,1372.5,1333.1,5.5,9.4,0,7,-2
2025-08-25T22:05:00.000+00:00,3.295,3.2,1372.5,1333,5.4,9.6,0,7,-2
2025-08-25T22:10:00.000+00:00,3.295,3.2,1372.5,1333,5.5,9.6,0,7,-2
2025-08-25T22:15:00.000+00:00,3.295,3.2,1372.4,1333,5.4,9.6,0,7,-2
2025-08-25T22:20:00.000+00:00,3.296,3.2,1372.4,1333,5.4,9.5,0,7,-2
2025-08-25T22:25:00.000+00:00,3.295,3.2,1372.4,1332.9,5.5,9.6,0,7,-1
2025-08-25T22:30:00.000+00:00,3.295,3.2,1372.4,1332.9,5.4,9.7,0,7,-2
2025-08-25T22:35:00.000+00:00,3.295,3.2,1372.4,1332.9,5.5,9.4,0,7,-2
2025-08-25T22:40:00.000+00:00,3.295,3.199,1372.3,1332.8,5.5,9.5,0,6,-2
2025-08-25T22:45:00.000+00:00,3.295,3.199,1372.3,1332.7,5.5,9.5,0,6,-2
2025-08-25T22:50:00.000+00:00,3.295,3.199,1372.3,1332.7,5.4,9.6,0,6,-2
2025-08-25T22:55:00.000+00:00,3.295,3.199,1372.3,1332.7,5.4,9.4,0,7,-2
2025-08-25T23:00:00.000+00:00,3.295,3.199,1372.3,1332.6,5.5,9.5,0,6,-2
2025-08-25T23:05:00.000+00:00,3.295,3.199,1372.3,1332.5,5.4,9.5,0,6,-2
2025-08-25T23:10:00.000+00:00,3.295,3.199,1372.3,1332.5,5.4,9.5,0,7,-2
2025-08-25T23:15:00.000+00:00,3.295,3.199,1372.3,1332.5,5.4,9.6,0,6,-2
2025-08-25T23:20:00.000+00:00,3.295,3.199,1372.3,1332.4,5.5,9.6,0,7,-2
2025-08-25T23:25:00.000+00:00,3.295,3.199,1372.3,1332.4,5.4,9.6,0,7,-2
2025-08-25T23:30:00.000+00:00,3.295,3.199,1372.3,1332.3,5.5,9.5,0,7,-2
2025-08-25T23:35:00.000+00:00,3.295,3.198,1372.3,1332.2,5.5,9.5,0,7,-2
2025-08-25T23:40:00.000+00:00,3.295,3.198,1372.3,1332.2,5.5,9.5,0,6,-2
2025-08-25T23:45:00.000+00:00,3.295,3.198,1372.3,1332.2,5.5,9.6,0,6,-2
2025-08-25T23:50:00.000+00:00,3.295,3.198,1372.3,1332.1,5.5,9.6,0,6,-3
2025-08-25T23:55:00.000+00:00,3.295,3.198,1372.2,1332.1,5.5,9.6,0,6,-2
2025-08-26T00:00:00.000+00:00,3.295,3.198,1372.2,1332,5.6,9.5,0,7,-2
2025-08-26T00:05:00.000+00:00,3.295,3.198,1372.2,1331.9,5.5,9.5,0,7,-2
2025-08-26T00:10:00.000+00:00,3.295,3.197,1372.1,1331.9,5.4,9.5,0,6,-2
2025-08-26T00:15:00.000+00:00,3.295,3.197,1372.1,1331.8,5.5,9.5,0,6,-2
2025-08-26T00:20:00.000+00:00,3.295,3.197,1372.1,1331.8,5.5,9.5,0,6,-2
2025-08-26T00:25:00.000+00:00,3.295,3.197,1372.1,1331.7,5.5,9.5,0,6,-2
2025-08-26T00:30:00.000+00:00,3.295,3.197,1372.1,1331.6,5.4,9.6,0,7,-2
2025-08-26T00:35:00.000+00:00,3.295,3.197,1372,1331.6,5.5,9.6,0,6,-2
2025-08-26T00:40:00.000+00:00,3.295,3.197,1372,1331.5,5.4,9.6,0,7,-2
2025-08-26T00:45:00.000+00:00,3.295,3.196,1372,1331.4,5.5,9.5,0,6,-2
2025-08-26T00:50:00.000+00:00,3.295,3.196,1372,1331.4,5.5,9.5,0,6,-2
2025-08-26T00:55:00.000+00:00,3.295,3.196,1372,1331.4,5.4,9.5,0,6,-3
2025-08-26T01:00:00.000+00:00,3.295,3.196,1372,1331.4,5.5,9.6,0,6,-2
2025-08-26T01:05:00.000+00:00,3.294,3.196,1372,1331.3,5.5,9.6,0,7,-2
2025-08-26T01:10:00.000+00:00,3.294,3.196,1372,1331.2,5.5,9.6,0,7,-2
2025-08-26T01:15:00.000+00:00,3.294,3.195,1372,1331.1,5.5,9.6,0,7,-3
2025-08-26T01:20:00.000+00:00,3.294,3.195,1372,1331,5.6,9.6,0,7,-2
2025-08-26T01:25:00.000+00:00,3.294,3.195,1372,1331,5.6,9.8,0,7,-2
2025-08-26T01:30:00.000+00:00,3.294,3.195,1372,1331,5.5,9.7,0,7,-3
2025-08-26T01:35:00.000+00:00,3.294,3.195,1372,1331,5.5,9.5,0,7,-2
2025-08-26T01:40:00.000+00:00,3.294,3.195,1372,1330.9,5.5,9.8,0,7,-3
2025-08-26T01:45:00.000+00:00,3.294,3.194,1372,1330.8,5.4,9.5,0,7,-3
2025-08-26T01:50:00.000+00:00,3.294,3.194,1372,1330.7,5.5,9.5,0,7,-3
2025-08-26T01:55:00.000+00:00,3.294,3.194,1372,1330.6,5.5,9.5,0,7,-2
2025-08-26T02:00:00.000+00:00,3.294,3.194,1372,1330.6,5.6,9.6,0,6,-2
2025-08-26T02:05:00.000+00:00,3.294,3.194,1372,1330.6,5.5,9.6,0,6,-2
2025-08-26T02:10:00.000+00:00,3.294,3.194,1371.9,1330.6,5.5,9.6,0,7,-2
2025-08-26T02:15:00.000+00:00,3.294,3.193,1371.9,1330.4,5.5,9.6,0,7,-2
2025-08-26T02:20:00.000+00:00,3.294,3.193,1371.9,1330.2,5.5,9.7,0,7,-2
2025-08-26T02:25:00.000+00:00,3.294,3.193,1371.9,1330.2,5.5,9.6,0,7,-2
2025-08-26T02:30:00.000+00:00,3.294,3.193,1371.8,1330.2,5.4,9.4,0,7,-2
2025-08-26T02:35:00.000+00:00,3.294,3.193,1371.8,1330.2,5.4,9.5,0,6,-2
2025-08-26T02:40:00.000+00:00,3.294,3.193,1371.7,1330.1,5.4,9.6,0,6,-2
2025-08-26T02:45:00.000+00:00,3.294,3.192,1371.7,1330.1,5.4,9.4,0,6,-2
2025-08-26T02:50:00.000+00:00,3.294,3.192,1371.7,1329.9,5.4,9.5,0,7,-2
2025-08-26T02:55:00.000+00:00,3.294,3.192,1371.6,1329.8,5.4,9.5,0,6,-3
2025-08-26T03:00:00.000+00:00,3.294,3.192,1371.6,1329.8,5.4,9.4,0,6,-2
2025-08-26T03:05:00.000+00:00,3.294,3.191,1371.6,1329.8,5.4,9.5,0,6,-2
2025-08-26T03:10:00.000+00:00,3.294,3.191,1371.6,1329.6,5.5,9.5,0,7,-2
2025-08-26T03:15:00.000+00:00,3.294,3.191,1371.6,1329.5,5.5,9.5,0,6,-2
2025-08-26T03:20:00.000+00:00,3.294,3.191,1371.6,1329.4,5.5,9.4,0,6,-2
2025-08-26T03:25:00.000+00:00,3.294,3.19,1371.6,1329.4,5.4,9.6,0,6,-2
2025-08-26T03:30:00.000+00:00,3.294,3.19,1371.6,1329.4,5.5,9.4,0,6,-2
2025-08-26T03:35:00.000+00:00,3.294,3.19,1371.6,1329.2,5.5,9.6,0,6,-2
2025-08-26T03:40:00.000+00:00,3.294,3.189,1371.6,1329.1,5.4,9.4,0,6,-2
2025-08-26T03:45:00.000+00:00,3.294,3.189,1371.6,1329,5.4,9.7,0,6,-2
2025-08-26T03:50:00.000+00:00,3.294,3.189,1371.6,1329,5.5,9.5,0,6,-2
2025-08-26T03:55:00.000+00:00,3.293,3.188,1371.6,1329,5.5,9.4,0,6,-3
2025-08-26T04:00:00.000+00:00,3.294,3.188,1371.6,1328.7,5.4,9.4,0,6,-2
2025-08-26T04:05:00.000+00:00,3.294,3.188,1371.6,1328.7,5.5,9.7,0,7,-2
2025-08-26T04:10:00.000+00:00,3.293,3.187,1371.6,1328.7,5.5,9.5,0,6,-2
2025-08-26T04:15:00.000+00:00,3.293,3.187,1371.6,1328.6,5.5,9.4,0,6,-2
2025-08-26T04:20:00.000+00:00,3.293,3.187,1371.6,1328.4,5.4,9.4,0,6,-2
2025-08-26T04:25:00.000+00:00,3.293,3.186,1371.6,1328.4,5.4,9.4,0,6,-1
2025-08-26T04:30:00.000+00:00,3.293,3.186,1371.6,1328.4,5.4,9.3,0,6,-2
2025-08-26T04:35:00.000+00:00,3.293,3.185,1371.6,1328.3,5.4,9.4,0,6,-2
2025-08-26T04:40:00.000+00:00,3.293,3.185,1371.6,1327.9,5.4,9.4,0,7,-2
2025-08-26T04:45:00.000+00:00,3.293,3.184,1371.6,1327.9,5.5,9.4,0,6,-2
2025-08-26T04:50:00.000+00:00,3.293,3.184,1371.5,1327.9,5.5,9.4,0,6,-2
2025-08-26T04:55:00.000+00:00,3.293,3.183,1371.5,1327.9,5.4,9.6,0,6,-2
2025-08-26T05:00:00.000+00:00,3.293,3.183,1371.5,1327.6,5.4,9.5,0,6,-2
2025-08-26T05:05:00.000+00:00,3.293,3.183,1371.5,1327.5,5.5,9.5,0,6,-2
2025-08-26T05:10:00.000+00:00,3.293,3.182,1371.5,1327.5,5.5,9.5,0,6,-2
2025-08-26T05:15:00.000+00:00,3.293,3.182,1371.5,1327.5,5.5,9.5,0,6,-2
2025-08-26T05:20:00.000+00:00,3.293,3.181,1371.5,1327.1,5.4,9.6,0,6,-2
2025-08-26T05:25:00.000+00:00,3.293,3.18,1371.5,1327.1,5.6,9.5,0,7,-2
2025-08-26T05:30:00.000+00:00,3.293,3.18,1371.5,1326.9,5.5,9.6,0,6,-2
2025-08-26T05:35:00.000+00:00,3.293,3.179,1371.5,1326.7,5.5,9.5,0,6,-3
2025-08-26T05:40:00.000+00:00,3.293,3.178,1371.4,1326.7,5.4,9.4,0,6,-2
2025-08-26T05:45:00.000+00:00,3.293,3.178,1371.4,1326.5,5.5,9.5,0,6,-3
2025-08-26T05:50:00.000+00:00,3.293,3.177,1371.4,1326.4,5.6,9.5,0,6,-3
2025-08-26T05:55:00.000+00:00,3.293,3.177,1371.3,1326.2,5.5,9.7,0,6,-2
2025-08-26T06:00:00.000+00:00,3.293,3.176,1371.2,1326,5.5,9.6,0,6,-2
2025-08-26T06:05:00.000+00:00,3.293,3.175,1371.2,1326,5.5,9.4,0,6,-2
2025-08-26T06:10:00.000+00:00,3.293,3.175,1371.2,1325.6,5.5,9.4,0,6,-2
2025-08-26T06:15:00.000+00:00,3.293,3.174,1371.2,1325.6,5.5,9.5,0,6,-3
2025-08-26T06:20:00.000+00:00,3.293,3.173,1371.2,1325.3,5.5,9.5,0,6,-3
2025-08-26T06:25:00.000+00:00,3.293,3.173,1371.2,1325.2,5.5,9.5,0,6,-2
2025-08-26T06:30:00.000+00:00,3.293,3.172,1371.2,1325.1,5.5,9.5,0,6,-3
2025-08-26T06:35:00.000+00:00,3.293,3.171,1371.2,1324.8,5.6,9.7,0,6,-3
2025-08-26T06:40:00.000+00:00,3.293,3.17,1371.2,1324.8,5.5,9.4,0,6,-3
2025-08-26T06:45:00.000+00:00,3.293,3.17,1371.2,1324.4,5.4,9.5,0,7,-2
2025-08-26T06:50:00.000+00:00,3.293,3.169,1371.2,1324.4,5.5,9.6,0,6,-3
2025-08-26T06:55:00.000+00:00,3.293,3.169,1371.2,1324,5.5,9.6,0,6,-3
2025-08-26T07:00:00.000+00:00,3.293,3.168,1371.2,1323.9,5.4,9.4,0,6,-2
2025-08-26T07:05:00.000+00:00,3.293,3.167,1371.2,1323.6,5.5,9.7,0,6,-2
2025-08-26T07:10:00.000+00:00,3.293,3.166,1371.2,1323.5,5.5,9.4,0,6,-2
2025-08-26T07:15:00.000+00:00,3.293,3.165,1371.2,1323.2,5.4,9.3,0,6,-2
2025-08-26T07:20:00.000+00:00,3.293,3.165,1371.2,1322.9,5.4,9.5,0,6,-3
2025-08-26T07:25:00.000+00:00,3.292,3.163,1371.2,1322.8,5.5,9.3,0,6,-3
2025-08-26T07:30:00.000+00:00,3.292,3.163,1371.2,1322.4,5.4,9.5,0,6,-3
2025-08-26T07:35:00.000+00:00,3.292,3.162,1371.2,1322.2,5.4,9.4,0,6,-3
2025-08-26T07:40:00.000+00:00,3.292,3.162,1371.2,1322,5.4,9.4,0,6,-3
2025-08-26T07:45:00.000+00:00,3.292,3.161,1371.2,1321.8,5.4,9.5,0,6,-3
2025-08-26T07:50:00.000+00:00,3.292,3.16,1371.2,1321.5,5.4,9.4,0,6,-3
2025-08-26T07:55:00.000+00:00,3.292,3.159,1371.2,1321.3,5.5,9.3,0,6,-2
2025-08-26T08:00:00.000+00:00,3.292,3.158,1371.2,1320.9,5.4,9.4,0,6,-2
2025-08-26T08:05:00.000+00:00,3.292,3.157,1371.2,1320.7,5.4,9.4,0,6,-3
2025-08-26T08:10:00.000+00:00,3.292,3.157,1371.2,1320.5,5.5,9.4,0,6,-2
2025-08-26T08:15:00.000+00:00,3.292,3.156,1371.2,1320,5.5,9.4,0,6,-3
2025-08-26T08:20:00.000+00:00,3.292,3.155,1371.2,1319.9,5.4,9.4,0,6,-3
2025-08-26T08:25:00.000+00:00,3.292,3.154,1371.2,1319.7,5.4,9.3,0,6,-2
2025-08-26T08:30:00.000+00:00,3.292,3.153,1371.1,1319.3,5.5,9.4,0,6,-2
2025-08-26T08:35:00.000+00:00,3.292,3.152,1371.1,1318.9,5.5,9.3,0,6,-2
2025-08-26T08:40:00.000+00:00,3.292,3.151,1371.1,1318.6,5.4,9.4,0,6,-2
2025-08-26T08:45:00.000+00:00,3.292,3.15,1371.1,1318.5,5.5,9.4,0,6,-2
2025-08-26T08:50:00.000+00:00,3.292,3.15,1371.1,1318.1,5.4,9.5,0,6,-3
2025-08-26T08:55:00.000+00:00,3.292,3.148,1371.1,1317.7,5.5,9.4,0,6,-2
2025-08-26T09:00:00.000+00:00,3.292,3.148,1371,1317.3,5.5,9.6,0,6,-3
2025-08-26T09:05:00.000+00:00,3.292,3.147,1371,1317,5.5,9.4,0,6,-3
2025-08-26T09:10:00.000+00:00,3.292,3.146,1371,1316.7,5.4,9.4,0,6,-2
2025-08-26T09:15:00.000+00:00,3.292,3.145,1371,1316.6,5.6,9.3,0,6,-2
2025-08-26T09:20:00.000+00:00,3.292,3.144,1370.9,1316.2,5.4,9.3,0,6,-3
2025-08-26T09:25:00.000+00:00,3.292,3.143,1370.9,1315.7,5.5,9.3,0,6,-3
2025-08-26T09:30:00.000+00:00,3.292,3.142,1370.9,1315.4,5.4,9.3,0,6,-2
2025-08-26T09:35:00.000+00:00,3.292,3.141,1370.9,1315,5.4,9.3,0,6,-3
2025-08-26T09:40:00.000+00:00,3.292,3.14,1370.8,1314.7,5.4,9.4,0,6,-2
2025-08-26T09:45:00.000+00:00,3.292,3.139,1370.8,1314.3,5.5,9.3,0,6,-2
2025-08-26T09:50:00.000+00:00,3.292,3.138,1370.8,1314.1,5.5,9.4,0,6,-3
2025-08-26T09:55:00.000+00:00,3.292,3.138,1370.8,1313.8,5.4,9.8,0,6,-3
2025-08-26T10:00:00.000+00:00,3.292,3.137,1370.8,1313.4,5.5,9.4,0,6,-2
2025-08-26T10:05:00.000+00:00,3.292,3.136,1370.8,1313,5.5,9.3,0,6,-2
2025-08-26T10:10:00.000+00:00,3.292,3.135,1370.8,1312.6,5.5,9.4,0,6,-2
2025-08-26T10:15:00.000+00:00,3.292,3.134,1370.8,1312.3,5.5,9.4,0,6,-2
2025-08-26T10:20:00.000+00:00,3.292,3.132,1370.8,1311.8,5.5,9.4,0,6,-3
2025-08-26T10:25:00.000+00:00,3.292,3.132,1370.8,1311.5,5.6,9.4,0,6,-2
2025-08-26T10:30:00.000+00:00,3.292,3.131,1370.8,1311.1,5.5,9.3,0,6,-2
2025-08-26T10:35:00.000+00:00,3.292,3.13,1370.8,1310.8,5.6,9.5,0,6,-2
2025-08-26T10:40:00.000+00:00,3.291,3.128,1370.8,1310.3,5.5,9.4,0,6,-2
2025-08-26T10:45:00.000+00:00,3.291,3.127,1370.8,1309.8,5.5,9.5,0,6,-3
2025-08-26T10:50:00.000+00:00,3.292,3.126,1370.8,1309.6,5.6,9.4,0,6,-3
2025-08-26T10:55:00.000+00:00,3.291,3.125,1370.8,1309.4,5.5,9.4,0,6,-2
2025-08-26T11:00:00.000+00:00,3.291,3.125,1370.8,1308.9,5.6,9.5,0,6,-2
2025-08-26T11:05:00.000+00:00,3.291,3.123,1370.8,1308.5,5.5,9.5,0,6,-2
2025-08-26T11:10:00.000+00:00,3.291,3.122,1370.8,1308,5.6,9.7,0,6,-3
2025-08-26T11:15:00.000+00:00,3.292,3.121,1370.8,1307.7,5.6,9.6,0,6,-2
2025-08-26T11:20:00.000+00:00,3.291,3.12,1370.8,1307.2,5.6,9.6,0,7,-3
2025-08-26T11:25:00.000+00:00,3.291,3.119,1370.8,1306.8,5.6,9.7,0,6,-3
2025-08-26T11:30:00.000+00:00,3.291,3.118,1370.7,1306.3,5.6,9.6,0,7,-2
2025-08-26T11:35:00.000+00:00,3.291,3.117,1370.7,1306,5.6,9.8,0,6,-2
2025-08-26T11:40:00.000+00:00,3.291,3.116,1370.7,1305.5,5.7,9.6,0,7,-3
2025-08-26T11:45:00.000+00:00,3.291,3.114,1370.7,1305.1,5.6,9.6,0,7,-3
2025-08-26T11:50:00.000+00:00,3.291,3.113,1370.7,1304.8,5.6,9.6,0,6,-2
2025-08-26T11:55:00.000+00:00,3.291,3.112,1370.7,1304.5,5.6,9.7,0,7,-3
2025-08-26T12:00:00.000+00:00,3.291,3.111,1370.7,1304,5.6,9.6,0,7,-2
2025-08-26T12:05:00.000+00:00,3.291,3.11,1370.7,1303.5,5.7,9.6,0,6,-3
2025-08-26T12:10:00.000+00:00,3.291,3.109,1370.7,1303.1,5.7,9.7,0,6,-2
2025-08-26T12:15:00.000+00:00,3.291,3.108,1370.7,1302.7,5.7,9.6,0,6,-3
2025-08-26T12:20:00.000+00:00,3.291,3.107,1370.7,1302.3,5.6,9.6,0,7,-3
2025-08-26T12:25:00.000+00:00,3.291,3.105,1370.7,1301.8,5.6,9.8,0,7,-2
2025-08-26T12:30:00.000+00:00,3.291,3.104,1370.6,1301.3,5.6,9.7,0,7,-2
2025-08-26T12:35:00.000+00:00,3.291,3.103,1370.6,1301,5.7,9.6,0,7,-3
2025-08-26T12:40:00.000+00:00,3.291,3.101,1370.5,1300.4,5.6,9.6,0,6,-3
2025-08-26T12:45:00.000+00:00,3.291,3.101,1370.5,1300.2,5.6,9.8,0,7,-3
2025-08-26T12:50:00.000+00:00,3.291,3.099,1370.5,1299.7,5.7,9.6,0,6,-3
2025-08-26T12:55:00.000+00:00,3.291,3.098,1370.4,1299.2,5.7,9.8,0,7,-2
2025-08-26T13:00:00.000+00:00,3.291,3.097,1370.4,1298.8,5.8,9.6,0,7,-2
2025-08-26T13:05:00.000+00:00,3.291,3.096,1370.4,1298.3,5.7,9.7,0,7,-3
2025-08-26T13:10:00.000+00:00,3.291,3.094,1370.4,1297.9,5.7,9.6,0,6,-2
2025-08-26T13:15:00.000+00:00,3.291,3.093,1370.4,1297.4,5.7,9.5,0,7,-3
2025-08-26T13:20:00.000+00:00,3.291,3.092,1370.4,1297,5.7,9.5,0,6,-3
2025-08-26T13:25:00.000+00:00,3.291,3.091,1370.4,1296.6,5.7,9.5,0,6,-3
2025-08-26T13:30:00.000+00:00,3.291,3.09,1370.4,1296.2,5.7,9.6,0,7,-2
2025-08-26T13:35:00.000+00:00,3.291,3.089,1370.4,1295.7,5.8,9.7,0,7,-2
2025-08-26T13:40:00.000+00:00,3.291,3.087,1370.4,1295.2,5.7,9.8,0,7,-2
2025-08-26T13:45:00.000+00:00,3.291,3.086,1370.4,1294.6,5.7,9.8,0,7,-2
2025-08-26T13:50:00.000+00:00,3.291,3.085,1370.4,1294.2,5.7,9.9,0,7,-1
2025-08-26T13:55:00.000+00:00,3.291,3.083,1370.4,1293.7,5.8,9.9,0,7,-2
2025-08-26T14:00:00.000+00:00,3.291,3.082,1370.4,1293.4,5.8,9.7,0,7,-2
2025-08-26T14:05:00.000+00:00,3.291,3.081,1370.4,1292.8,5.7,9.8,0,7,-2
2025-08-26T14:10:00.000+00:00,3.291,3.08,1370.4,1292.3,5.7,9.9,0,6,-2
2025-08-26T14:15:00.000+00:00,3.291,3.078,1370.4,1291.8,5.7,9.8,0,7,-2
2025-08-26T14:20:00.000+00:00,3.291,3.077,1370.4,1291.4,5.8,9.8,0,7,-1
2025-08-26T14:25:00.000+00:00,3.291,3.076,1370.4,1290.9,5.8,9.8,0,7,-2
2025-08-26T14:30:00.000+00:00,3.291,3.074,1370.4,1290.4,5.8,9.8,0,7,-1
2025-08-26T14:35:00.000+00:00,3.291,3.073,1370.4,1289.9,5.8,9.8,0,7,-1
2025-08-26T14:40:00.000+00:00,3.291,3.071,1370.4,1289.4,5.8,9.9,0,7,-1
2025-08-26T14:45:00.000+00:00,3.29,3.07,1370.4,1288.8,5.9,9.9,0,7,-1
2025-08-26T14:50:00.000+00:00,3.29,3.069,1370.4,1288.4,5.8,10,0,7,-1
2025-08-26T14:55:00.000+00:00,3.291,3.067,1370.4,1287.7,5.9,10,0,7,-2
2025-08-26T15:00:00.000+00:00,3.29,3.066,1370.4,1287.4,5.9,9.9,0,7,-1
2025-08-26T15:05:00.000+00:00,3.29,3.065,1370.4,1286.8,5.8,10,0,7,-1
2025-08-26T15:10:00.000+00:00,3.29,3.063,1370.4,1286.3,5.9,10.2,0,7,0
2025-08-26T15:15:00.000+00:00,3.29,3.062,1370.3,1285.8,5.9,9.9,0,7,0
2025-08-26T15:20:00.000+00:00,3.29,3.06,1370.2,1285.3,5.9,9.8,0,7,-1
2025-08-26T15:25:00.000+00:00,3.29,3.059,1370.1,1284.6,6,9.9,0,7,-1
2025-08-26T15:30:00.000+00:00,3.29,3.057,1370.1,1284.1,5.9,9.9,0,7,-1
2025-08-26T15:35:00.000+00:00,3.29,3.056,1370.4,1283.7,5.8,13.9,0,9,-1
2025-08-26T15:40:00.000+00:00,3.291,3.054,1370.4,1282.8,0,14.2,0,9,-1
2025-08-26T15:45:00.000+00:00,3.291,3.052,1370.4,1282,0,14.2,0,9,-1
2025-08-26T15:50:00.000+00:00,3.291,3.049,1370.4,1281,0,14.2,0,9,-1
2025-08-26T15:55:00.000+00:00,3.291,3.047,1370.5,1280.1,0,14.4,0,9,-1
2025-08-26T16:00:00.000+00:00,3.291,3.045,1370.5,1279.3,0,14.5,0,9,-1
2025-08-26T16:05:00.000+00:00,3.291,3.042,1370.7,1278.4,0,14.2,0,9,-1
2025-08-26T16:10:00.000+00:00,3.291,3.039,1370.7,1277.5,0,14.3,0,9,-2
2025-08-26T16:15:00.000+00:00,3.291,3.038,1370.8,1276.6,0,14.4,0,9,-2
2025-08-26T16:20:00.000+00:00,3.291,3.035,1370.8,1275.8,0,14.3,0,9,-2
2025-08-26T16:25:00.000+00:00,3.292,3.033,1370.8,1274.9,0,14.2,0,9,-2
2025-08-26T16:30:00.000+00:00,3.292,3.03,1370.8,1274,0,14.4,0,9,-2
2025-08-26T16:35:00.000+00:00,3.292,3.028,1370.8,1273.2,0,14.4,0,9,-2
2025-08-26T16:40:00.000+00:00,3.292,3.025,1370.8,1272.2,0,14.4,0,9,-2
2025-08-26T16:45:00.000+00:00,3.292,3.023,1370.8,1271.4,0,14.3,0,9,-1
2025-08-26T16:50:00.000+00:00,3.292,3.02,1370.8,1270.4,0,14.2,0,9,-2
2025-08-26T16:55:00.000+00:00,3.292,3.018,1370.8,1269.4,0,14.3,0,9,-2
2025-08-26T17:00:00.000+00:00,3.292,3.015,1370.8,1268.6,0,14.4,0,9,-2
2025-08-26T17:05:00.000+00:00,3.292,3.012,1370.8,1267.6,0,14.3,0,9,-2
2025-08-26T17:10:00.000+00:00,3.292,3.01,1370.8,1266.7,0,14.5,0,9,-2
2025-08-26T17:15:00.000+00:00,3.292,3.007,1370.8,1265.7,0,14.5,0,9,-2
2025-08-26T17:20:00.000+00:00,3.292,3.004,1370.8,1264.7,0,14.4,0,9,-2
2025-08-26T17:25:00.000+00:00,3.292,3.002,1370.8,1263.7,0,14.3,0,9,-2
2025-08-26T17:30:00.000+00:00,3.292,2.999,1370.8,1262.7,0,14.3,0,9,-2
2025-08-26T17:35:00.000+00:00,3.292,2.997,1370.8,1261.8,0,14.2,0,9,-2
2025-08-26T17:40:00.000+00:00,3.292,2.993,1370.8,1260.6,0,14.2,0,9,-2
2025-08-26T17:45:00.000+00:00,3.292,2.99,1370.8,1259.7,0,14.2,0,9,-2
2025-08-26T17:50:00.000+00:00,3.292,2.987,1370.9,1258.6,0,14.2,0,9,-2
2025-08-26T17:55:00.000+00:00,3.292,2.985,1370.9,1257.6,0,14.3,0,9,-2
2025-08-26T18:00:00.000+00:00,3.292,2.982,1371,1256.5,0,14.2,0,9,-2
2025-08-26T18:05:00.000+00:00,3.292,2.979,1371,1255.4,0,14.2,0,9,-2
2025-08-26T18:10:00.000+00:00,3.292,2.976,1371.1,1254.3,0,14.1,0,9,0
2025-08-26T18:15:00.000+00:00,3.292,2.976,1371.1,1254.5,0,0,0,0,0
2025-08-26T18:20:00.000+00:00,3.292,2.976,1371.1,1254.7,0,0,0,0,0
2025-08-26T18:25:00.000+00:00,3.292,2.977,1371.1,1254.9,0,0,0,0,0
2025-08-26T18:30:00.000+00:00,3.292,2.977,1371.1,1255.1,0,0,0,0,0
2025-08-26T18:35:00.000+00:00,3.292,2.978,1371.1,1255.2,0,0,0,0,0
2025-08-26T18:40:00.000+00:00,3.292,2.978,1371.1,1255.3,0,14,0,9,0
2025-08-26T18:45:00.000+00:00,3.292,3.046,1371.1,1283,0,14.3,0,488,0
2025-08-26T18:50:00.000+00:00,3.293,3.065,1371.3,1289.5,0,13.6,0,377,0
2025-08-26T18:55:00.000+00:00,3.292,3.036,1371.1,1276.5,0,13.9,0,10,0
2025-08-26T19:00:00.000+00:00,3.292,3.033,1371.1,1275.1,0,13.9,0,9,-2
2025-08-26T19:05:00.000+00:00,3.292,3.029,1371.2,1273.7,0,14,0,9,-2
2025-08-26T19:10:00.000+00:00,3.293,3.025,1371.2,1272.6,0,14.1,0,9,-2
2025-08-26T19:15:00.000+00:00,3.293,3.022,1371.2,1271.3,0,14,0,9,-2
2025-08-26T19:20:00.000+00:00,3.292,3.019,1371.2,1270.2,0,13.9,0,9,-3
2025-08-26T19:25:00.000+00:00,3.293,3.016,1371.2,1269.1,0,14,0,9,-2
2025-08-26T19:30:00.000+00:00,3.293,3.013,1371.2,1267.9,0,14,0,9,-2
2025-08-26T19:35:00.000+00:00,3.293,3.011,1371.2,1267.2,0,14,0,9,0
2025-08-26T19:40:00.000+00:00,3.293,3.011,1371.2,1267.3,0,0,0,0,0
2025-08-26T19:45:00.000+00:00,3.293,3.011,1371.2,1267.4,0,0,0,0,0
2025-08-26T19:50:00.000+00:00,3.293,3.011,1371.2,1267.4,0,0,0,0,0
2025-08-26T19:55:00.000+00:00,3.293,3.011,1371.2,1267.5,0,0,0,0,0
2025-08-26T20:00:00.000+00:00,3.293,3.011,1371.2,1267.5,0,0,0,0,0
2025-08-26T20:05:00.000+00:00,3.293,3.011,1371.2,1267.6,0,0,0,0,0
2025-08-26T20:10:00.000+00:00,3.293,3.012,1371.2,1267.6,0,0,0,0,0
2025-08-26T20:15:00.000+00:00,3.293,3.012,1371.2,1267.6,0,0,0,0,0
2025-08-26T20:20:00.000+00:00,3.293,3.012,1371.2,1267.6,0,0,0,0,0
2025-08-26T20:25:00.000+00:00,3.292,3.011,1371.1,1267.6,0,0,0,0,0
2025-08-26T20:30:00.000+00:00,3.293,3.012,1371.1,1267.6,0,0,0,0,0
2025-08-26T20:35:00.000+00:00,3.292,3.012,1371.1,1267.6,0,0,0,0,0
2025-08-26T20:40:00.000+00:00,3.292,3.012,1371.1,1267.7,0,0,0,0,0
2025-08-26T20:45:00.000+00:00,3.293,3.012,1371.1,1267.7,0,0,0,0,0
2025-08-26T20:50:00.000+00:00,3.293,3.012,1371.1,1267.7,0,0,0,0,0
2025-08-26T20:55:00.000+00:00,64.536,3.019,6553.5,1268.6,0,-10.3,0,16,0
2025-08-26T21:00:00.000+00:00,3.292,3.017,1371.1,1269.7,0,-10.7,0,16,-35
2025-08-26T21:05:00.000+00:00,3.292,3.019,1371.1,1270.1,0,14,0,16,0
2025-08-26T21:10:00.000+00:00,3.292,3.014,1371.1,1268.3,0,13.9,0,9,-2
2025-08-26T21:15:00.000+00:00,3.292,3.01,1371.1,1267.2,0,14,0,9,-3
2025-08-26T21:20:00.000+00:00,3.292,3.007,1371.1,1265.9,0,14.4,0,9,-2
2025-08-26T21:25:00.000+00:00,3.293,3.004,1371.1,1264.7,0,14,0,9,-2
2025-08-26T21:30:00.000+00:00,3.293,3.001,1371.1,1263.5,0,14,0,9,-3
2025-08-26T21:35:00.000+00:00,3.292,2.998,1371.2,1262.4,0,14,0,9,-3
2025-08-26T21:40:00.000+00:00,3.293,2.994,1371.2,1261.2,0,14.2,0,9,-2
2025-08-26T21:45:00.000+00:00,3.293,2.991,1371.2,1260.1,0,14.3,0,9,-2
2025-08-26T21:50:00.000+00:00,3.293,2.988,1371.2,1258.8,0,14.1,0,9,-2
2025-08-26T21:55:00.000+00:00,3.292,2.984,1371.2,1257.5,0,14.2,0,9,-2
2025-08-26T22:00:00.000+00:00,3.293,2.981,1371.1,1256.3,0,14.1,0,9,-2
2025-08-26T22:05:00.000+00:00,3.292,2.978,1371.2,1255.1,0,14.1,0,9,-3
2025-08-26T22:10:00.000+00:00,3.293,2.974,1371.2,1253.8,0,14.3,0,10,-2
2025-08-26T22:15:00.000+00:00,3.293,2.971,1371.2,1252.6,0,14.1,0,9,-2
2025-08-26T22:20:00.000+00:00,3.293,2.967,1371.2,1251.3,0,14.3,0,9,-2
2025-08-26T22:25:00.000+00:00,3.293,2.963,1371.2,1249.9,0,14.2,0,10,-2
2025-08-26T22:30:00.000+00:00,3.292,2.96,1371.2,1248.8,0,14.1,0,10,-2
2025-08-26T22:35:00.000+00:00,3.293,2.956,1371.2,1247.4,0,14.3,0,9,-2
2025-08-26T22:40:00.000+00:00,3.293,2.952,1371.2,1246.1,0,14.2,0,10,-2
2025-08-26T22:45:00.000+00:00,3.293,2.949,1371.2,1244.9,0,14.2,0,10,-2
2025-08-26T22:50:00.000+00:00,3.292,2.945,1371.2,1243.3,0,14.3,0,10,-2
2025-08-26T22:55:00.000+00:00,3.292,2.941,1371.2,1241.9,0,14.1,0,10,-3
2025-08-26T23:00:00.000+00:00,3.293,2.937,1371.2,1240.6,0,14.2,0,10,-2
2025-08-26T23:05:00.000+00:00,3.293,2.933,1371.2,1239.4,0,14.3,0,10,-2
2025-08-26T23:10:00.000+00:00,3.293,2.929,1371.2,1237.8,0,14.3,0,10,-3
2025-08-26T23:15:00.000+00:00,3.293,2.925,1371.2,1236.5,0,14.3,0,10,-2
2025-08-26T23:20:00.000+00:00,3.293,2.921,1371.2,1235.2,0,14.4,0,10,-2
2025-08-26T23:25:00.000+00:00,3.293,2.917,1371.2,1233.8,0,14.4,0,10,-2
2025-08-26T23:30:00.000+00:00,3.293,2.913,1371.2,1232.3,0,14.3,0,10,-3
2025-08-26T23:35:00.000+00:00,3.293,2.909,1371.2,1230.8,0,14.4,0,10,-3
2025-08-26T23:40:00.000+00:00,3.293,2.904,1371.2,1229.4,0,14.4,0,10,-2
2025-08-26T23:45:00.000+00:00,3.293,2.9,1371.2,1227.9,0,14.5,0,10,-3
2025-08-26T23:50:00.000+00:00,3.293,2.896,1371.2,1226.5,0,14.4,0,10,-3
2025-08-26T23:55:00.000+00:00,3.293,2.891,1371.2,1225.1,0,14.4,0,10,-3
2025-08-27T00:00:00.000+00:00,3.293,2.887,1371.2,1223.6,0,14.7,0,10,-3
2025-08-27T00:05:00.000+00:00,3.293,2.882,1371.2,1222.1,0,14.5,0,10,-2
2025-08-27T00:10:00.000+00:00,3.292,2.878,1371.2,1220.6,0,14.7,0,10,-3
2025-08-27T00:15:00.000+00:00,3.293,2.873,1371.2,1219,0,14.7,0,10,-3
2025-08-27T00:20:00.000+00:00,3.293,2.868,1371.2,1217.4,0,14.5,0,10,-2
2025-08-27T00:25:00.000+00:00,3.293,2.863,1371.2,1215.7,0,14.6,0,10,-3
2025-08-27T00:30:00.000+00:00,3.293,2.858,1371.2,1214.2,0,14.7,0,10,-2
2025-08-27T00:35:00.000+00:00,3.293,2.852,1371.2,1212.3,0,14.6,0,10,-2
2025-08-27T00:40:00.000+00:00,3.293,2.847,1371.2,1210.6,0,14.5,0,10,-3
2025-08-27T00:45:00.000+00:00,3.293,2.841,1371.2,1208.8,0,14.6,0,10,-3
2025-08-27T00:50:00.000+00:00,3.293,2.835,1371.2,1207.1,0,15,0,10,-3
2025-08-27T00:55:00.000+00:00,3.293,2.83,1371.2,1205.3,0,14.7,0,10,-2
2025-08-27T01:00:00.000+00:00,3.293,2.823,1371.2,1203.3,0,14.7,0,10,-3
2025-08-27T01:05:00.000+00:00,3.293,2.817,1371.2,1201.4,0,14.8,0,10,-3
2025-08-27T01:10:00.000+00:00,3.292,2.811,1371.2,1199.5,0,14.7,0,10,-2
2025-08-27T01:15:00.000+00:00,3.293,2.803,1371.2,1197.5,0,14.8,0,10,-3
2025-08-27T01:20:00.000+00:00,3.293,2.797,1371.2,1195.5,0,14.8,0,10,-3
2025-08-27T01:25:00.000+00:00,3.292,2.789,1371.2,1193.4,0,14.7,0,10,-3
2025-08-27T01:30:00.000+00:00,3.293,2.782,1371.2,1191.2,0,14.8,0,10,-3
2025-08-27T01:35:00.000+00:00,3.293,2.775,1371.2,1189,0,14.9,0,10,-3
2025-08-27T01:40:00.000+00:00,3.293,2.766,1371.2,1186.6,0,14.8,0,10,-3
2025-08-27T01:45:00.000+00:00,3.293,2.758,1371.2,1184.3,0,14.9,0,10,-3
2025-08-27T01:50:00.000+00:00,3.293,2.749,1371.2,1181.9,0,15,0,10,-2
2025-08-27T01:55:00.000+00:00,3.293,2.739,1371.2,1179.5,0,15,0,10,-2
2025-08-27T02:00:00.000+00:00,3.293,2.73,1371.2,1176.9,0,15,0,10,-2
2025-08-27T02:05:00.000+00:00,3.293,2.72,1371.2,1174.3,0,15,0,10,-3
2025-08-27T02:10:00.000+00:00,3.293,2.709,1371.2,1171.7,0,15,0,10,-3
2025-08-27T02:15:00.000+00:00,3.293,2.696,1371.2,1168.7,0,15.1,0,10,-2
2025-08-27T02:20:00.000+00:00,3.293,2.682,1371.2,1165.9,0,15.2,0,10,-3
2025-08-27T02:25:00.000+00:00,3.293,2.666,1371.2,1162.8,0,15.2,0,10,-3
2025-08-27T02:30:00.000+00:00,3.293,2.648,1371.2,1159.7,0,15.2,0,10,-3
2025-08-27T02:35:00.000+00:00,3.293,2.627,1371.2,1156.6,0,15.1,0,10,-2
2025-08-27T02:40:00.000+00:00,3.293,2.603,1371.2,1152.9,0,15.2,0,10,-3
2025-08-27T02:45:00.000+00:00,3.293,2.575,1371.2,1149.5,0,15.3,0,10,-3
2025-08-27T02:50:00.000+00:00,3.293,2.54,1371.2,1145.6,0,15.2,0,10,-3
2025-08-27T02:55:00.000+00:00,3.292,2.495,1371.2,1141.7,0,15.5,0,10,-2
2025-08-27T03:00:00.000+00:00,3.292,2.474,1371.2,1137.4,0,15.4,0,11,-3
2025-08-27T03:05:00.000+00:00,3.293,2.457,1371.2,1132,0,15.6,0,11,-3
2025-08-27T03:10:00.000+00:00,3.293,2.437,1371.3,1128.1,0,15.4,0,11,0
2025-08-27T03:15:00.000+00:00,3.293,2.448,1371.2,1128.8,0,0,0,0,0
2025-08-27T03:20:00.000+00:00,3.293,2.455,1371.2,1129.3,0,0,0,0,0
2025-08-27T03:25:00.000+00:00,3.293,2.46,1371.2,1129.7,0,0,0,0,0
2025-08-27T03:30:00.000+00:00,3.293,2.464,1371.2,1130.1,0,0,0,0,0
2025-08-27T03:35:00.000+00:00,3.293,2.467,1371.2,1130.3,0,0,0,0,0
2025-08-27T03:40:00.000+00:00,3.293,2.469,1371.2,1130.6,0,0,0,0,0
2025-08-27T03:45:00.000+00:00,3.293,2.472,1371.2,1130.9,0,0,0,0,0
2025-08-27T03:50:00.000+00:00,3.293,2.474,1371.2,1131,0,0,0,0,0
2025-08-27T03:55:00.000+00:00,3.292,2.477,1371.2,1131.3,0,0,0,0,0
2025-08-27T04:00:00.000+00:00,3.293,2.479,1371.2,1131.4,0,0,0,0,0
2025-08-27T04:05:00.000+00:00,3.293,2.481,1371.2,1131.7,0,0,0,0,0
2025-08-27T04:10:00.000+00:00,3.293,2.482,1371.2,1131.7,0,0,0,0,0
2025-08-27T04:15:00.000+00:00,3.293,2.484,1371.2,1132,0,0,0,0,0
2025-08-27T04:20:00.000+00:00,3.293,2.485,1371.2,1132,0,0,0,0,0
2025-08-27T04:25:00.000+00:00,3.293,2.487,1371.2,1132.2,0,0,0,0,0
2025-08-27T04:30:00.000+00:00,3.293,2.488,1371.2,1132.4,0,0,0,0,0
2025-08-27T04:35:00.000+00:00,3.293,2.489,1371.2,1132.5,0,0,0,0,0
2025-08-27T04:40:00.000+00:00,3.293,2.491,1371.2,1132.6,0,0,0,0,0
2025-08-27T04:45:00.000+00:00,3.293,2.492,1371.2,1132.8,0,0,0,0,0
2025-08-27T04:50:00.000+00:00,3.293,2.493,1371.2,1132.9,0,0,0,0,0
2025-08-27T04:55:00.000+00:00,3.293,2.494,1371.2,1133,0,0,0,0,0
2025-08-27T05:00:00.000+00:00,3.293,2.495,1371.2,1133.1,0,0,0,0,0
2025-08-27T05:05:00.000+00:00,3.293,2.497,1371.2,1133.2,0,0,0,0,0
2025-08-27T05:10:00.000+00:00,3.293,2.498,1371.2,1133.3,0,0,0,0,0
2025-08-27T05:15:00.000+00:00,3.293,2.499,1371.2,1133.5,0,0,0,0,0
2025-08-27T05:20:00.000+00:00,3.293,2.5,1371.2,1133.5,0,0,0,0,0
2025-08-27T05:25:00.000+00:00,3.293,2.501,1371.2,1133.5,0,0,0,0,0
2025-08-27T05:30:00.000+00:00,3.293,2.501,1371.2,1133.7,0,0,0,0,0
2025-08-27T05:35:00.000+00:00,3.293,2.502,1371.2,1133.9,0,0,0,0,0
2025-08-27T05:40:00.000+00:00,3.293,2.503,1371.2,1133.9,0,0,0,0,0
2025-08-27T05:45:00.000+00:00,3.293,2.504,1371.2,1134,0,0,0,0,0
2025-08-27T05:50:00.000+00:00,3.293,2.505,1371.2,1134.1,0,0,0,0,0
2025-08-27T05:55:00.000+00:00,3.293,2.505,1371.2,1134.2,0,0,0,0,0
2025-08-27T06:00:00.000+00:00,3.293,2.506,1371.2,1134.3,0,0,0,0,0
2025-08-27T06:05:00.000+00:00,3.293,2.507,1371.2,1134.3,0,0,0,0,0
2025-08-27T06:10:00.000+00:00,3.293,2.508,1371.2,1134.5,0,0,0,0,0
2025-08-27T06:15:00.000+00:00,3.293,2.509,1371.2,1134.5,0,0,0,0,0
2025-08-27T06:20:00.000+00:00,3.293,2.509,1371.2,1134.6,0,0,0,0,0
2025-08-27T06:25:00.000+00:00,3.293,2.51,1371.2,1134.7,0,0,0,0,0
2025-08-27T06:30:00.000+00:00,3.293,2.511,1371.2,1134.7,0,0,0,0,0
2025-08-27T06:35:00.000+00:00,3.293,2.511,1371.2,1134.9,0,0,0,0,0
2025-08-27T06:40:00.000+00:00,3.293,2.512,1371.2,1134.9,0,0,0,0,0
2025-08-27T06:45:00.000+00:00,3.293,2.512,1371.2,1135,0,0,0,0,0
2025-08-27T06:50:00.000+00:00,3.293,2.513,1371.2,1135.1,0,0,0,0,0
2025-08-27T06:55:00.000+00:00,3.293,2.513,1371.2,1135.1,0,0,0,0,0
2025-08-27T07:00:00.000+00:00,3.293,2.514,1371.2,1135.1,0,0,0,0,0
2025-08-27T07:05:00.000+00:00,3.293,2.514,1371.2,1135.2,0,0,0,0,0
2025-08-27T07:10:00.000+00:00,3.293,2.515,1371.2,1135.3,0,0,0,0,0
2025-08-27T07:15:00.000+00:00,3.293,2.516,1371.2,1135.4,0,0,0,0,0
2025-08-27T07:20:00.000+00:00,3.293,2.516,1371.2,1135.4,0,0,0,0,0
2025-08-27T07:25:00.000+00:00,3.293,2.517,1371.2,1135.5,0,0,0,0,0
2025-08-27T07:30:00.000+00:00,3.293,2.517,1371.2,1135.5,0,0,0,0,0
2025-08-27T07:35:00.000+00:00,3.293,2.518,1371.2,1135.6,0,0,0,0,0
2025-08-27T07:40:00.000+00:00,3.293,2.518,1371.2,1135.7,0,0,0,0,0
2025-08-27T07:45:00.000+00:00,3.293,2.518,1371.2,1135.7,0,0,0,0,0
2025-08-27T07:50:00.000+00:00,3.293,2.519,1371.2,1135.7,0,0,0,0,0
2025-08-27T07:55:00.000+00:00,3.293,2.52,1371.2,1135.8,0,0,0,0,0
2025-08-27T08:00:00.000+00:00,3.293,2.52,1371.2,1135.8,0,0,0,0,0
2025-08-27T08:05:00.000+00:00,3.293,2.52,1371.2,1135.9,0,0,0,0,0
2025-08-27T08:10:00.000+00:00,3.293,2.521,1371.2,1136,0,0,0,0,0
2025-08-27T08:15:00.000+00:00,3.293,2.521,1371.2,1136,0,0,0,0,0
2025-08-27T08:20:00.000+00:00,3.293,2.522,1371.2,1136,0,0,0,0,0
2025-08-27T08:25:00.000+00:00,3.293,2.522,1371.2,1136.1,0,0,0,0,0
2025-08-27T08:30:00.000+00:00,3.293,2.523,1371.2,1136.1,0,0,0,0,0
2025-08-27T08:35:00.000+00:00,3.293,2.523,1371.2,1136.2,0,0,0,0,0
2025-08-27T08:40:00.000+00:00,3.293,2.524,1371.2,1136.2,0,0,0,0,0
2025-08-27T08:45:00.000+00:00,3.293,2.524,1371.2,1136.3,0,0,0,0,0
2025-08-27T08:50:00.000+00:00,3.293,2.524,1371.1,1136.3,0,0,0,0,0
2025-08-27T08:55:00.000+00:00,3.293,2.525,1371.2,1136.4,0,0,0,0,0
2025-08-27T09:00:00.000+00:00,3.293,2.525,1371.1,1136.5,0,0,0,0,0
2025-08-27T09:05:00.000+00:00,3.293,2.525,1371.2,1136.5,0,0,0,0,0
2025-08-27T09:10:00.000+00:00,3.293,2.526,1371.2,1136.6,0,0,0,0,0
2025-08-27T09:15:00.000+00:00,3.293,2.526,1371.2,1136.6,0,0,0,0,0
2025-08-27T09:20:00.000+00:00,3.293,2.526,1371.2,1136.6,0,0,0,0,0
2025-08-27T09:25:00.000+00:00,3.293,2.527,1371.1,1136.6,0,0,0,0,0
2025-08-27T09:30:00.000+00:00,3.293,2.527,1371.1,1136.6,0,0,0,0,0
2025-08-27T09:35:00.000+00:00,3.293,2.528,1371.1,1136.7,0,0,0,0,0
2025-08-27T09:40:00.000+00:00,3.293,2.528,1371.1,1136.7,0,0,0,0,0
2025-08-27T09:45:00.000+00:00,3.293,2.528,1371.1,1136.8,0,0,0,0,0
2025-08-27T09:50:00.000+00:00,3.293,2.529,1371.2,1136.9,0,0,0,0,0
2025-08-27T09:55:00.000+00:00,3.293,2.529,1371.1,1136.9,0,0,0,0,0
2025-08-27T10:00:00.000+00:00,3.293,2.529,1371.1,1137,0,0,0,0,0
2025-08-27T10:05:00.000+00:00,3.293,2.529,1371.1,1137,0,0,0,0,0
2025-08-27T10:10:00.000+00:00,3.293,2.53,1371.1,1137,0,0,0,0,0
2025-08-27T10:15:00.000+00:00,3.292,2.53,1371.1,1137,0,0,0,0,0
2025-08-27T10:20:00.000+00:00,3.293,2.53,1371.1,1137.1,0,0,0,0,0
2025-08-27T10:25:00.000+00:00,3.293,2.531,1371.1,1137.1,0,0,0,0,0
2025-08-27T10:30:00.000+00:00,3.293,2.531,1371.2,1137.1,0,0,0,0,0
2025-08-27T10:35:00.000+00:00,3.293,2.531,1371.2,1137.1,0,0,0,0,0
2025-08-27T10:40:00.000+00:00,3.293,2.531,1371.2,1137.2,0,0,0,0,0
2025-08-27T10:45:00.000+00:00,3.293,2.532,1371.2,1137.3,0,0,0,0,0
2025-08-27T10:50:00.000+00:00,3.293,2.532,1371.1,1137.3,0,0,0,0,0
2025-08-27T10:55:00.000+00:00,3.293,2.532,1371.1,1137.3,0,0,0,0,0
2025-08-27T11:00:00.000+00:00,3.293,2.533,1371.1,1137.3,0,0,0,0,0
2025-08-27T11:05:00.000+00:00,3.293,2.533,1371.1,1137.4,0,0,0,0,0
2025-08-27T11:10:00.000+00:00,3.293,2.533,1371.1,1137.5,0,0,0,0,0
2025-08-27T11:15:00.000+00:00,3.293,2.534,1371.1,1137.5,0,0,0,0,0
2025-08-27T11:20:00.000+00:00,3.293,2.534,1371.2,1137.5,0,0,0,0,0
2025-08-27T11:25:00.000+00:00,3.293,2.534,1371.2,1137.5,0,0,0,0,0
2025-08-27T11:30:00.000+00:00,3.293,2.534,1371.1,1137.5,0,0,0,0,0
2025-08-27T11:35:00.000+00:00,3.293,2.534,1371.1,1137.5,0,0,0,0,0
2025-08-27T11:40:00.000+00:00,3.293,2.535,1371.1,1137.5,0,0,0,0,0
2025-08-27T11:45:00.000+00:00,3.293,2.535,1371.1,1137.6,0,0,0,0,0
2025-08-27T11:50:00.000+00:00,3.293,2.535,1371.1,1137.6,0,0,0,0,0
2025-08-27T11:55:00.000+00:00,3.293,2.536,1371.1,1137.6,0,0,0,0,0
2025-08-27T12:00:00.000+00:00,3.293,2.536,1371.1,1137.6,0,0,0,0,0
2025-08-27T12:05:00.000+00:00,3.293,2.536,1371.1,1137.7,0,0,0,0,0
2025-08-27T12:10:00.000+00:00,3.293,2.536,1371.1,1137.8,0,0,0,0,0
2025-08-27T12:15:00.000+00:00,3.293,2.537,1371.1,1137.8,0,0,0,0,0
2025-08-27T12:20:00.000+00:00,3.293,2.537,1371.1,1137.8,0,0,0,0,0
2025-08-27T12:25:00.000+00:00,3.293,2.537,1371.1,1137.8,0,0,0,0,0
2025-08-27T12:30:00.000+00:00,3.293,2.537,1371.1,1137.8,0,0,0,0,0
2025-08-27T12:35:00.000+00:00,3.293,2.537,1371.1,1137.9,0,0,0,0,0
2025-08-27T12:40:00.000+00:00,3.293,2.537,1371.1,1137.9,0,0,0,0,0
2025-08-27T12:45:00.000+00:00,3.293,2.538,1371.1,1137.9,0,0,0,0,0
2025-08-27T12:50:00.000+00:00,3.293,2.538,1371.1,1138,0,0,0,0,0
2025-08-27T12:55:00.000+00:00,3.293,2.538,1371.1,1138,0,0,0,0,0
2025-08-27T13:00:00.000+00:00,3.293,2.539,1371.1,1138,0,0,0,0,0
2025-08-27T13:05:00.000+00:00,3.293,2.539,1371.1,1138,0,0,0,0,0
2025-08-27T13:10:00.000+00:00,3.293,2.539,1371.1,1138.1,0,0,0,0,0
2025-08-27T13:15:00.000+00:00,3.293,2.539,1371.1,1138.1,0,0,0,0,0
2025-08-27T13:20:00.000+00:00,3.293,2.539,1371.1,1138.2,0,0,0,0,0
2025-08-27T13:25:00.000+00:00,3.293,2.539,1371.1,1138.2,0,0,0,0,0
2025-08-27T13:30:00.000+00:00,3.293,2.539,1371.1,1138.2,0,0,0,0,0
2025-08-27T13:35:00.000+00:00,3.293,2.54,1371.1,1138.2,0,0,0,0,0
2025-08-27T13:40:00.000+00:00,3.293,2.54,1371.1,1138.2,0,0,0,0,0
2025-08-27T13:45:00.000+00:00,3.293,2.541,1371.1,1138.2,0,0,0,0,0
2025-08-27T13:50:00.000+00:00,3.293,2.541,1371.1,1138.2,0,0,0,0,0
2025-08-27T13:55:00.000+00:00,3.293,2.541,1371.1,1138.3,0,0,0,0,0
2025-08-27T14:00:00.000+00:00,3.293,2.541,1371.1,1138.4,0,0,0,0,0
2025-08-27T14:05:00.000+00:00,3.293,2.541,1371.1,1138.4,0,0,0,0,0
2025-08-27T14:10:00.000+00:00,3.293,2.541,1371.1,1138.4,0,0,0,0,0
2025-08-27T14:15:00.000+00:00,3.293,2.541,1371.1,1138.5,0,1.2,0,0,0
2025-08-27T14:20:00.000+00:00,3.293,2.454,1371.1,1138.5,0,0,0,0,0
2025-08-27T14:25:00.000+00:00,3.293,64.536,1371.1,6553.5,0,0,0,0,0
2025-08-27T14:30:00.000+00:00,3.293,2.458,1372.1,1138.5,0,0,0,0,0
2025-08-27T14:35:00.000+00:00,3.293,2.46,1371.1,1138.5,0,0,0,0,0
2025-08-27T14:40:00.000+00:00,3.293,2.461,1371.1,1138.5,0,0,0,0,0
2025-08-27T14:45:00.000+00:00,3.293,2.668,1371.1,1163.7,0,14.8,0,159,-3
2025-08-27T14:50:00.000+00:00,3.293,2.809,1371.1,1198.4,0,-149.3,-200,158,-200
2025-08-27T14:55:00.000+00:00,3.293,2.883,1371.1,1222.4,0,-146.4,-200,154,-198
2025-08-27T15:00:00.000+00:00,3.293,2.939,1371.1,1241.1,0,-144,-200,151,-200
2025-08-27T15:05:00.000+00:00,3.293,3.014,1371.1,1268.3,0,-143.1,-200,305,-200
2025-08-27T15:10:00.000+00:00,3.293,3.076,1371.2,1291.5,0,-291.7,-400,302,-394
2025-08-27T15:15:00.000+00:00,3.297,3.116,1373.3,1306.3,4,-140.8,-400,296,-293
2025-08-27T15:20:00.000+00:00,3.301,3.145,1375.1,1317.3,-55,-212.7,-400,292,-396
2025-08-27T15:25:00.000+00:00,3.305,3.169,1376.4,1326.4,-66.1,-201.1,-400,289,-390
2025-08-27T15:30:00.000+00:00,3.308,3.189,1377.8,1334,-75.2,-192.9,-400,287,-397
2025-08-27T15:35:00.000+00:00,3.31,3.207,1379,1340.4,-82.5,-185.9,-400,287,-396
2025-08-27T15:40:00.000+00:00,3.313,3.221,1380,1345,-88.6,-181.2,-400,285,-397
2025-08-27T15:45:00.000+00:00,3.322,3.242,1384.2,1352.5,-92.9,-179.3,-400,573,-396
2025-08-27T15:50:00.000+00:00,3.323,3.243,1384.3,1352.6,7.6,7.3,0,468,0
2025-08-27T15:55:00.000+00:00,3.308,3.22,1377.4,1341.6,0,0,0,0,0
2025-08-27T16:00:00.000+00:00,3.306,3.219,1376.9,1341.1,0,0,0,0,0
2025-08-27T16:05:00.000+00:00,3.329,3.251,1387.1,1356.2,7.7,7.4,-1000,717,-4
2025-08-27T16:10:00.000+00:00,3.389,3.311,1417.1,1385.4,-254.5,-450.3,-1000,2817,-993
2025-08-27T16:15:00.000+00:00,3.397,3.328,1420.7,1392.3,-1323.9,-1472.4,-4000,2817,-3977
2025-08-27T16:20:00.000+00:00,3.403,3.346,1422.6,1399.9,-1321.9,-1463.6,-4000,2811,-3975
2025-08-27T16:25:00.000+00:00,3.406,3.363,1423.4,1406.6,-1321.6,-1455.9,-4000,2801,-3971
2025-08-27T16:30:00.000+00:00,3.408,3.373,1424.2,1410.8,-1321.2,-1450.8,-4000,2795,-3971
2025-08-27T16:35:00.000+00:00,3.41,3.378,1424.8,1412.3,-1321.3,-1451.6,-4000,2792,-3983
2025-08-27T16:40:00.000+00:00,3.411,3.379,1425.6,1413,-1321.5,-1450.8,-4000,2793,-3985
2025-08-27T16:45:00.000+00:00,3.414,3.38,1426.6,1413.5,-1321,-1448.2,-4000,2793,-3981
2025-08-27T16:50:00.000+00:00,3.417,3.382,1427.8,1414.3,-1320.6,-1451.2,-4000,2793,-3991
2025-08-27T16:55:00.000+00:00,3.421,3.384,1429.3,1415.4,-1319.3,-1445.7,-4000,2792,-3961
2025-08-27T17:00:00.000+00:00,3.425,3.388,1431.2,1416.8,-1317.8,-1449,-4000,2790,-3981
2025-08-27T17:00:13.000+00:00,3.426,3.388,1431.5,1417,-1317.8,-1449,-4000,2788,-3998
