"Time (America/Los_Angeles)","Unit #27 (12B3).Batt Power Charge Limit EMS (BattPChLmtEMS)","Unit #27 (12B3).Batt Power Charge Limit (BattPChLmt)","Unit #27 (12B3).Battery Pack Power (BattP)","Unit #27 (12B3).DC kW (DCkW)","Unit #27 (12B3).Max Cell Voltage (CellVMax)","Unit #27 (12B3).PCS Command (PcsCmd)","Unit #27 (12B3).State of Charge (SoC)","Unit #27 (12B3).kW Cmd Received (kWin)","Unit #27 (12B3).kW Measured (kW)"
"2025-12-04 07:55:00",,-2929,17.22,,3.381,,99,0,-6
"2025-12-04 07:55:02",,-2929,17.22,,3.381,,99,0,-7
"2025-12-04 07:55:04",,-2929,18.36,,3.381,,99,0,-7
"2025-12-04 07:55:06",,-2929,17.22,,3.381,,99,0,-7
"2025-12-04 07:55:08",,-2929,17.22,,3.381,,99,0,-7
"2025-12-04 07:55:10",,-2929,17.22,,3.381,,99,0,-8
"2025-12-04 07:55:12",,-2929,17.22,,3.381,,99,0,-7
"2025-12-04 07:55:14",,-2929,17.22,,3.381,,99,0,-7
"2025-12-04 07:55:16",,-2929,18.36,,3.381,,99,0,-6
"2025-12-04 07:55:18",,-2929,17.22,,3.381,,99,0,-5
"2025-12-04 07:55:20",,-2929,18.36,,3.381,,99,0,-5
"2025-12-04 07:55:22",,-2929,17.22,,3.38,,99,0,-5
"2025-12-04 07:55:24",,-2928,17.22,,3.381,,99,0,-4
"2025-12-04 07:55:26",,-2928,17.22,,3.381,,99,0,-4
"2025-12-04 07:55:28",,-2928,17.22,,3.38,,99,0,-3
"2025-12-04 07:55:30",,-2928,17.22,,3.38,,99,0,-3
"2025-12-04 07:55:32",,-2928,17.22,,3.38,,99,0,-2
"2025-12-04 07:55:34",,-2928,17.22,,3.381,,99,0,-3
"2025-12-04 07:55:36",,-2928,17.22,,3.381,,99,0,-3
"2025-12-04 07:55:38",,-2928,17.22,,3.38,,99,0,-3
"2025-12-04 07:55:40",,-2928,17.22,,3.38,,99,0,-4
"2025-12-04 07:55:42",,-2928,17.22,,3.38,,99,0,-5
"2025-12-04 07:55:44",,-2928,17.22,,3.38,,99,0,-7
"2025-12-04 07:55:46",,-2928,17.22,,3.38,,99,0,-7
"2025-12-04 07:55:48",,-2928,17.22,,3.38,,99,0,-7
"2025-12-04 07:55:50",,-2928,17.22,,3.38,,99,0,-7
"2025-12-04 07:55:52",,-2928,17.22,,3.38,,99,0,-6
"2025-12-04 07:55:54",,-2928,17.22,,3.38,,99,0,-5
"2025-12-04 07:55:56",,-2928,17.22,,3.38,,99,0,-5
"2025-12-04 07:55:58",,-2928,17.22,,3.38,,99,0,-4
"2025-12-04 07:56:00",,-2928,17.22,,3.38,,99,0,-4
"2025-12-04 07:56:02",,-2928,17.21,,3.38,,99,0,-3
"2025-12-04 07:56:04",,-2928,17.21,,3.38,,99,0,-3
"2025-12-04 07:56:06",,-2928,17.21,,3.38,,99,0,-3
"2025-12-04 07:56:08",,-2928,17.21,,3.38,,99,0,-3
"2025-12-04 07:56:10",,-2928,17.21,,3.38,,99,0,-2
"2025-12-04 07:56:12",,-2928,17.21,,3.38,,99,0,-3
"2025-12-04 07:56:14",,-2928,17.21,,3.38,,99,0,-4
"2025-12-04 07:56:16",,-2928,17.21,,3.379,,99,0,-5
"2025-12-04 07:56:18",,-2928,17.21,,3.38,,99,0,-6
"2025-12-04 07:56:20",,-2928,17.21,,3.38,,99,0,-7
"2025-12-04 07:56:22",,-2928,17.21,,3.38,,99,0,-7
"2025-12-04 07:56:24",,-2928,17.21,,3.379,,99,0,-7
"2025-12-04 07:56:26",,-2928,17.21,,3.379,,99,0,-7
"2025-12-04 07:56:28",,-2928,17.21,,3.38,,99,0,-6
"2025-12-04 07:56:30",,-2928,17.21,,3.379,,99,0,-5
"2025-12-04 07:56:32",,-2928,17.21,,3.38,,99,0,-4
"2025-12-04 07:56:34",,-2928,17.21,,3.379,,99,0,-3
"2025-12-04 07:56:36",,-2928,17.21,,3.38,,99,0,-3
"2025-12-04 07:56:38",,-2928,17.21,,3.379,,99,0,-2
"2025-12-04 07:56:40",,-2928,17.21,,3.379,,99,0,-3
"2025-12-04 07:56:42",,-2928,17.21,,3.379,,99,0,-4
"2025-12-04 07:56:44",,-2928,17.21,,3.379,,99,0,-5
"2025-12-04 07:56:46",,-2928,17.21,,3.379,,99,0,-7
"2025-12-04 07:56:48",,-2928,17.21,,3.379,,99,0,-7
"2025-12-04 07:56:50",,-2928,17.21,,3.379,,99,0,-7
"2025-12-04 07:56:52",,-2928,17.21,,3.379,,99,0,-7
"2025-12-04 07:56:54",,-2928,18.36,,3.379,,99,0,-7
"2025-12-04 07:56:56",,-2928,17.21,,3.379,,99,0,-6
"2025-12-04 07:56:58",,-2928,17.21,,3.379,,99,0,-4
"2025-12-04 07:57:00",,-2928,17.21,,3.379,,99,0,-4
"2025-12-04 07:57:02",,-2928,17.21,,3.379,,99,0,-3
"2025-12-04 07:57:04",,-2928,18.36,,3.379,,99,0,-3
"2025-12-04 07:57:06",,-2928,17.21,,3.379,,99,0,-3
"2025-12-04 07:57:08",,-2928,17.21,,3.379,,99,0,-4
"2025-12-04 07:57:10",,-2928,17.21,,3.379,,99,0,-4
"2025-12-04 07:57:12",,-2928,17.21,,3.379,,99,0,-6
"2025-12-04 07:57:14",,-2928,17.21,,3.379,,99,0,-6
"2025-12-04 07:57:16",,-2928,17.21,,3.379,,99,0,-7
"2025-12-04 07:57:18",,-2928,17.21,,3.379,,99,0,-7
"2025-12-04 07:57:20",,-2928,17.21,,3.379,,99,0,-6
"2025-12-04 07:57:22",,-2928,17.21,,3.379,,99,0,-7
"2025-12-04 07:57:24",,-2928,17.21,,3.378,,99,0,-5
"2025-12-04 07:57:26",,-2928,17.21,,3.378,,99,0,-5
"2025-12-04 07:57:28",,-2928,17.21,,3.378,,99,0,-5
"2025-12-04 07:57:30",,-2928,18.36,,3.379,,99,0,-4
"2025-12-04 07:57:32",,-2928,17.21,,3.378,,99,0,-3
"2025-12-04 07:57:34",,-2928,17.21,,3.379,,99,0,-3
"2025-12-04 07:57:36",,-2928,17.21,,3.378,,99,0,-3
"2025-12-04 07:57:38",,-2928,17.21,,3.378,,99,0,-3
"2025-12-04 07:57:40",,-2928,17.21,,3.378,,99,0,-3
"2025-12-04 07:57:42",,-2928,17.21,,3.378,,99,0,-3
"2025-12-04 07:57:44",,-2928,17.21,,3.378,,99,0,-3
"2025-12-04 07:57:46",,-2928,17.21,,3.378,,99,0,-3
"2025-12-04 07:57:48",,-2928,17.21,,3.378,,99,0,-4
"2025-12-04 07:57:50",,-2928,18.36,,3.378,,99,0,-4
"2025-12-04 07:57:52",,-2928,18.36,,3.378,,99,0,-5
"2025-12-04 07:57:54",,-2928,17.21,,3.378,,99,0,-6
"2025-12-04 07:57:56",,-2928,17.21,,3.378,,99,0,-7
"2025-12-04 07:57:58",,-2928,17.21,,3.378,,99,0,-7
"2025-12-04 07:58:00",,-2927,17.21,,3.378,,99,0,-7
"2025-12-04 07:58:02",,-2927,17.21,,3.378,,99,0,-7
"2025-12-04 07:58:04",,-2927,17.21,,3.378,,99,0,-7
"2025-12-04 07:58:06",,-2927,17.21,,3.378,,99,0,-7
"2025-12-04 07:58:08",,-2927,17.21,,3.378,,99,0,-7
"2025-12-04 07:58:10",,-2927,17.21,,3.378,,99,0,-6
"2025-12-04 07:58:12",,-2927,17.21,,3.377,,99,0,-6
"2025-12-04 07:58:14",,-2927,17.21,,3.378,,99,0,-5
"2025-12-04 07:58:16",,-2927,17.21,,3.378,,99,0,-6
"2025-12-04 07:58:18",,-2927,17.21,,3.378,,99,0,-5
"2025-12-04 07:58:20",,-2927,17.21,,3.378,,99,0,-4
"2025-12-04 07:58:22",,-2927,17.21,,3.378,,99,0,-4
"2025-12-04 07:58:24",,-2927,17.21,,3.378,,99,0,-3
"2025-12-04 07:58:26",,-2927,17.21,,3.378,,99,0,-4
"2025-12-04 07:58:28",,-2927,17.21,,3.377,,99,0,-3
"2025-12-04 07:58:30",,-2927,17.21,,3.378,,99,0,-3
"2025-12-04 07:58:32",,-2927,18.36,,3.377,,99,0,-3
"2025-12-04 07:58:34",,-2927,17.21,,3.377,,99,0,-4
"2025-12-04 07:58:36",,-2927,17.21,,3.378,,99,0,-4
"2025-12-04 07:58:38",,-2927,17.21,,3.377,,99,0,-6
"2025-12-04 07:58:40",,-2927,17.21,,3.377,,99,0,-7
"2025-12-04 07:58:42",,-2927,17.21,,3.377,,99,0,-8
"2025-12-04 07:58:44",,-2927,17.21,,3.377,,99,0,-7
"2025-12-04 07:58:46",,-2927,17.21,,3.377,,99,0,-7
"2025-12-04 07:58:48",,-2927,17.21,,3.377,,99,0,-7
"2025-12-04 07:58:50",,-2927,17.21,,3.377,,99,0,-6
"2025-12-04 07:58:52",,-2927,17.21,,3.377,,99,0,-6
"2025-12-04 07:58:54",,-2927,17.21,,3.377,,99,0,-5
"2025-12-04 07:58:56",,-2927,17.21,,3.377,,99,0,-5
"2025-12-04 07:58:58",,-2927,17.21,,3.377,,99,0,-5
"2025-12-04 07:59:00",,-2927,17.21,,3.377,,99,0,-4
"2025-12-04 07:59:02",,-2927,17.21,,3.377,,99,0,-4
"2025-12-04 07:59:04",,-2927,17.21,,3.377,,99,0,-4
"2025-12-04 07:59:06",,-2927,17.21,,3.377,,99,0,-3
"2025-12-04 07:59:08",,-2927,17.21,,3.377,,99,0,-3
"2025-12-04 07:59:10",,-2927,17.21,,3.377,,99,0,-3
"2025-12-04 07:59:12",,-2927,17.21,,3.377,,99,0,-2
"2025-12-04 07:59:14",,-2927,17.21,,3.377,,99,0,-3
"2025-12-04 07:59:16",,-2927,17.21,,3.377,,99,0,-3
"2025-12-04 07:59:18",,-2927,17.21,,3.377,,99,0,-3
"2025-12-04 07:59:20",,-2927,17.21,,3.377,,99,0,-4
"2025-12-04 07:59:22",,-2927,18.36,,3.377,,99,0,-2
"2025-12-04 07:59:24",,-2927,17.21,,3.377,,99,0,-3
"2025-12-04 07:59:26",,-2927,18.36,,3.377,,99,0,-3
"2025-12-04 07:59:28",,-2927,17.21,,3.377,,99,0,-2
"2025-12-04 07:59:30",,-2927,17.21,,3.377,,99,0,-3
"2025-12-04 07:59:32",,-2927,17.21,,3.377,,99,0,-3
"2025-12-04 07:59:34",,-2927,17.21,,3.377,,99,0,-3
"2025-12-04 07:59:36",,-2927,17.21,,3.377,,99,0,-3
"2025-12-04 07:59:38",,-2927,17.21,,3.377,,99,0,-3
"2025-12-04 07:59:40",,-2927,17.21,,3.377,,99,0,-4
"2025-12-04 07:59:42",,-2927,17.21,,3.377,,99,0,-4
"2025-12-04 07:59:44",,-2927,17.21,,3.377,,99,0,-4
"2025-12-04 07:59:46",,-2927,17.21,,3.377,,99,0,-4
"2025-12-04 07:59:48",,-2927,17.21,,3.377,,99,0,-5
"2025-12-04 07:59:50",,-2927,17.21,,3.377,,99,0,-5
"2025-12-04 07:59:52",,-2927,17.21,,3.377,,99,0,-5
"2025-12-04 07:59:54",,-2927,17.21,,3.377,,99,0,-7
"2025-12-04 07:59:56",,-2927,17.21,,3.376,,99,0,-7
"2025-12-04 07:59:58",,-2927,17.21,,3.376,,99,0,-7
"2025-12-04 08:00:00",,-2927,17.21,,3.376,,99,0,-7
"2025-12-04 08:00:02",,-2927,17.21,,3.376,,99,0,-8
"2025-12-04 08:00:04",,-2927,17.21,,3.377,,99,0,-7
"2025-12-04 08:00:06",,-2927,17.21,,3.376,,99,0,-7
"2025-12-04 08:00:08",,-2927,17.21,,3.376,,99,0,-7
"2025-12-04 08:00:10",,-2927,17.21,,3.376,,99,0,-8
"2025-12-04 08:00:12",,-2927,17.21,,3.376,,99,0,-8
"2025-12-04 08:00:14",,-2927,17.21,,3.376,,99,0,-7
"2025-12-04 08:00:16",,-2927,17.21,,3.376,,99,0,-7
"2025-12-04 08:00:18",,-2927,17.21,,3.376,,99,0,-7
"2025-12-04 08:00:20",,-2927,17.21,,3.376,,99,0,-8
"2025-12-04 08:00:22",,-2927,17.21,,3.376,,99,0,-7
"2025-12-04 08:00:24",,-2927,17.21,,3.376,,99,0,-7
"2025-12-04 08:00:26",,-2927,17.21,,3.376,,99,0,-7
"2025-12-04 08:00:28",,-2927,17.21,,3.376,,99,0,-7
"2025-12-04 08:00:30",,-2927,17.21,,3.376,,99,0,-7
"2025-12-04 08:00:32",,-2927,17.21,,3.376,,99,0,-6
"2025-12-04 08:00:34",,-2927,17.21,,3.376,,99,0,-5
"2025-12-04 08:00:36",,-2927,17.21,,3.376,,99,0,-5
"2025-12-04 08:00:38",,-2927,17.21,,3.376,,99,0,-5
"2025-12-04 08:00:40",,-2927,17.21,,3.376,,99,0,-4
"2025-12-04 08:00:42",,-2927,17.21,,3.376,,99,0,-4
"2025-12-04 08:00:44",,-2927,17.21,,3.376,,99,0,-3
"2025-12-04 08:00:46",,-2927,17.21,,3.376,,99,0,-3
"2025-12-04 08:00:48",,-2927,17.21,,3.376,,99,0,-3
"2025-12-04 08:00:50",,-2927,18.35,,3.376,,99,0,-3
"2025-12-04 08:00:52",,-2926,18.35,,3.376,,99,0,-4
"2025-12-04 08:00:54",,-2926,17.21,,3.376,,99,0,-4
"2025-12-04 08:00:56",,-2926,17.21,,3.376,,99,0,-5
"2025-12-04 08:00:58",,-2926,17.21,,3.376,,99,0,-6
"2025-12-04 08:01:00",,-2926,17.21,,3.376,,99,0,-6
"2025-12-04 08:01:02",,-2926,17.21,,3.376,,99,0,-8
"2025-12-04 08:01:04",,-2926,18.35,,3.376,,99,0,-7
"2025-12-04 08:01:06",,-2926,17.21,,3.375,,99,0,-7
"2025-12-04 08:01:08",,-2926,17.21,,3.376,,99,0,-7
"2025-12-04 08:01:10",,-2926,17.21,,3.375,,99,0,-7
"2025-12-04 08:01:12",,-2926,17.21,,3.376,,99,0,-7
"2025-12-04 08:01:14",,-2926,17.21,,3.375,,99,0,-6
"2025-12-04 08:01:16",,-2926,17.2,,3.375,,99,0,-7
"2025-12-04 08:01:18",,-2926,17.2,,3.375,,99,0,-7
"2025-12-04 08:01:20",,-2926,18.35,,3.375,,99,0,-7
"2025-12-04 08:01:22",,-2926,17.2,,3.375,,99,0,-7
"2025-12-04 08:01:24",,-2926,17.2,,3.375,,99,0,-7
"2025-12-04 08:01:26",,-2926,17.2,,3.375,,99,0,-6
"2025-12-04 08:01:28",,-2926,17.2,,3.375,,99,0,-6
"2025-12-04 08:01:30",,-2926,16.06,,3.375,,99,0,-5
"2025-12-04 08:01:32",,-2926,17.2,,3.375,,99,0,-5
"2025-12-04 08:01:34",,-2926,17.2,,3.375,,99,0,-4
"2025-12-04 08:01:36",,-2926,17.2,,3.375,,99,0,-5
"2025-12-04 08:01:38",,-2926,17.2,,3.375,,99,0,-4
"2025-12-04 08:01:40",,-2926,18.35,,3.375,,99,0,-4
"2025-12-04 08:01:42",,-2926,17.2,,3.375,,99,0,-4
"2025-12-04 08:01:44",,-2926,17.2,,3.375,,99,0,-4
"2025-12-04 08:01:46",,-2926,17.2,,3.375,,99,0,-5
"2025-12-04 08:01:48",,-2926,17.2,,3.375,,99,0,-5
"2025-12-04 08:01:50",,-2926,17.2,,3.375,,99,0,-4
"2025-12-04 08:01:52",,-2926,17.2,,3.375,,99,0,-5
"2025-12-04 08:01:54",,-2926,17.2,,3.375,,99,0,-6
"2025-12-04 08:01:56",,-2926,17.2,,3.375,,99,0,-5
"2025-12-04 08:01:58",,-2926,17.2,,3.375,,99,0,-6
"2025-12-04 08:02:00",,-2926,17.2,,3.375,,99,0,-5
"2025-12-04 08:02:02",,-2926,17.2,,3.375,,99,0,-6
"2025-12-04 08:02:04",,-2926,18.35,,3.375,,99,0,-6
"2025-12-04 08:02:06",,-2926,17.2,,3.375,,99,0,-6
"2025-12-04 08:02:08",,-2926,17.2,,3.375,,99,0,-6
"2025-12-04 08:02:10",,-2926,17.2,,3.375,,99,0,-6
"2025-12-04 08:02:12",,-2926,17.2,,3.375,,99,0,-6
"2025-12-04 08:02:14",,-2926,17.2,,3.375,,99,0,-5
"2025-12-04 08:02:16",,-2926,17.2,,3.375,,99,0,-4
"2025-12-04 08:02:18",,-2926,17.2,,3.375,,99,0,-4
"2025-12-04 08:02:20",,-2926,17.2,,3.375,,99,0,-4
"2025-12-04 08:02:22",,-2926,17.2,,3.374,,99,0,-3
"2025-12-04 08:02:24",,-2926,17.2,,3.375,,99,0,-3
"2025-12-04 08:02:26",,-2926,16.06,,3.375,,99,0,-3
"2025-12-04 08:02:28",,-2926,16.06,,3.375,,99,0,-3
"2025-12-04 08:02:30",,-2926,16.06,,3.375,,99,0,-4
"2025-12-04 08:02:32",,-2926,17.2,,3.375,,99,0,-4
"2025-12-04 08:02:34",,-2926,17.2,,3.375,,99,0,-5
"2025-12-04 08:02:36",,-2926,17.2,,3.375,,99,0,-5
"2025-12-04 08:02:38",,-2926,17.2,,3.375,,99,0,-5
"2025-12-04 08:02:40",,-2926,17.2,,3.375,,99,0,-5
"2025-12-04 08:02:42",,-2926,17.2,,3.374,,99,0,-6
"2025-12-04 08:02:44",,-2926,17.2,,3.375,,99,0,-6
"2025-12-04 08:02:46",,-2926,17.2,,3.375,,99,0,-7
"2025-12-04 08:02:48",,-2926,17.2,,3.374,,99,0,-6
"2025-12-04 08:02:50",,-2926,17.2,,3.374,,99,0,-6
"2025-12-04 08:02:52",,-2926,17.2,,3.375,,99,0,-6
"2025-12-04 08:02:54",,-2926,17.2,,3.375,,99,0,-6
"2025-12-04 08:02:56",,-2926,16.06,,3.375,,99,0,-5
"2025-12-04 08:02:58",,-2926,17.2,,3.374,,99,0,-5
"2025-12-04 08:03:00",,-2926,17.2,,3.374,,99,0,-4
"2025-12-04 08:03:02",,-2926,16.05,,3.374,,99,0,-4
"2025-12-04 08:03:04",,-2926,17.2,,3.375,,99,0,-4
"2025-12-04 08:03:06",,-2926,17.2,,3.374,,99,0,-3
"2025-12-04 08:03:08",,-2926,17.2,,3.374,,99,0,-3
"2025-12-04 08:03:10",,-2926,16.05,,3.375,,99,0,-4
"2025-12-04 08:03:12",,-2926,16.05,,3.374,,99,0,-4
"2025-12-04 08:03:14",,-2926,16.05,,3.375,,99,0,-5
"2025-12-04 08:03:16",,-2926,16.05,,3.375,,99,0,-6
"2025-12-04 08:03:18",,-2926,17.2,,3.374,,99,0,-7
"2025-12-04 08:03:20",,-2926,16.05,,3.374,,99,0,-8
"2025-12-04 08:03:22",,-2926,16.05,,3.374,,99,0,-7
"2025-12-04 08:03:24",,-2926,16.05,,3.374,,99,0,-6
"2025-12-04 08:03:26",,-2926,16.05,,3.374,,99,0,-6
"2025-12-04 08:03:28",,-2926,16.05,,3.374,,99,0,-5
"2025-12-04 08:03:30",,-2926,16.05,,3.375,,99,0,-4
"2025-12-04 08:03:32",,-2926,16.05,,3.374,,99,0,-4
"2025-12-04 08:03:34",,-2926,16.05,,3.374,,99,0,-3
"2025-12-04 08:03:36",,-2926,16.05,,3.374,,99,0,-3
"2025-12-04 08:03:38",,-2926,17.2,,3.374,,99,0,-3
"2025-12-04 08:03:40",,-2926,17.2,,3.375,,99,0,-3
"2025-12-04 08:03:42",,-2926,17.2,,3.374,,99,0,-4
"2025-12-04 08:03:44",,-2926,16.05,,3.374,,99,0,-5
"2025-12-04 08:03:46",,-2926,17.2,,3.374,,99,0,-7
"2025-12-04 08:03:48",,-2926,16.05,,3.374,,99,0,-7
"2025-12-04 08:03:50",,-2926,17.2,,3.374,,99,0,-8
"2025-12-04 08:03:52",,-2926,16.05,,3.374,,99,0,-8
"2025-12-04 08:03:54",,-2925,17.2,,3.374,,99,0,-7
"2025-12-04 08:03:56",,-2925,17.2,,3.374,,99,0,-6
"2025-12-04 08:03:58",,-2925,16.05,,3.374,,99,0,-5
"2025-12-04 08:04:00",,-2925,17.2,,3.374,,99,0,-5
"2025-12-04 08:04:02",,-2925,17.2,,3.374,,99,0,-5
"2025-12-04 08:04:04",,-2925,17.2,,3.374,,99,0,-4
"2025-12-04 08:04:06",,-2925,16.05,,3.374,,99,0,-3
"2025-12-04 08:04:08",,-2925,16.05,,3.374,,99,0,-3
"2025-12-04 08:04:10",,-2925,16.05,,3.374,,99,0,-2
"2025-12-04 08:04:12",,-2925,16.05,,3.374,,99,0,-3
"2025-12-04 08:04:14",,-2925,17.2,,3.374,,99,0,-4
"2025-12-04 08:04:16",,-2925,17.2,,3.374,,99,0,-5
"2025-12-04 08:04:18",,-2925,17.2,,3.374,,99,0,-5
"2025-12-04 08:04:20",,-2925,17.2,,3.374,,99,0,-6
"2025-12-04 08:04:22",,-2925,17.2,,3.374,,99,0,-7
"2025-12-04 08:04:24",,-2925,16.05,,3.374,,99,0,-7
"2025-12-04 08:04:26",,-2925,16.05,,3.374,,99,0,-6
"2025-12-04 08:04:28",,-2925,17.2,,3.374,,99,0,-6
"2025-12-04 08:04:30",,-2925,17.2,,3.374,,99,0,-5
"2025-12-04 08:04:32",,-2925,17.2,,3.374,,99,0,-5
"2025-12-04 08:04:34",,-2925,17.2,,3.374,,99,0,-5
"2025-12-04 08:04:36",,-2925,17.2,,3.374,,99,0,-4
"2025-12-04 08:04:38",,-2925,16.05,,3.374,,99,0,-3
"2025-12-04 08:04:40",,-2925,17.2,,3.374,,99,0,-3
"2025-12-04 08:04:42",,-2925,16.05,,3.374,,99,0,-3
"2025-12-04 08:04:44",,-2925,16.05,,3.374,,99,0,-4
"2025-12-04 08:04:46",,-2925,16.05,,3.374,,99,0,-5
"2025-12-04 08:04:48",,-2925,17.2,,3.374,,99,0,-5
"2025-12-04 08:04:50",,-2925,17.2,,3.373,,99,0,-7
"2025-12-04 08:04:52",,-2925,16.05,,3.374,,99,0,-7
"2025-12-04 08:04:54",,-2925,16.05,,3.374,,99,0,-7
"2025-12-04 08:04:56",,-2925,17.2,,3.374,,99,0,-7
"2025-12-04 08:04:58",,-2925,17.2,,3.374,,99,0,-6
"2025-12-04 08:05:00",,-2925,16.05,,3.374,,99,-500,-5
"2025-12-04 08:05:02",,-2925,-240.79,,3.379,,99,-500,-387
"2025-12-04 08:05:04",,-2928,-456.82,,3.38,,99,-500,-487
"2025-12-04 08:05:06",,-2929,-456.86,,3.381,,99,-500,-496
"2025-12-04 08:05:08",,-2930,-456.9,,3.381,,99,-500,-497
"2025-12-04 08:05:10",,-2930,-456.98,,3.381,,99,-500,-496
"2025-12-04 08:05:12",,-2930,-458.21,,3.382,,99,-500,-497
"2025-12-04 08:05:14",,-2931,-457.1,,3.382,,99,-500,-498
"2025-12-04 08:05:16",,-2931,-457.18,,3.382,,99,-500,-499
"2025-12-04 08:05:18",,-2931,-457.22,,3.383,,99,-500,-500
"2025-12-04 08:05:20",,-2931,-457.26,,3.383,,99,-500,-501
"2025-12-04 08:05:22",,-2932,-457.34,,3.383,,99,-1000,-603
"2025-12-04 08:05:24",,-2933,-937.91,,3.389,,99,-1000,-961
"2025-12-04 08:05:26",,-2936,-942.91,,3.39,,99,-1000,-999
"2025-12-04 08:05:28",,-2937,-945.46,,3.391,,99,-1000,-1003
"2025-12-04 08:05:30",,-2938,-944.56,,3.392,,99,-1000,-1002
"2025-12-04 08:05:32",,-2938,-944.8,,3.393,,99,-1000,-1002
"2025-12-04 08:05:34",,-2939,-943.82,,3.394,,99,-1000,-1001
"2025-12-04 08:05:36",,-2939,-945.3,,3.395,,99,-1000,-1000
"2025-12-04 08:05:38",,-2940,-944.31,,3.395,,99,-1000,-999
"2025-12-04 08:05:40",,-2940,-943.4,,3.396,,99,-1000,-998
"2025-12-04 08:05:42",,-2941,-945.87,,3.396,,99,-1000,-1000
"2025-12-04 08:05:44",,-2941,-944.88,,3.397,,99,-1000,-1000
"2025-12-04 08:05:46",,-2942,-1121.88,,3.4,,99,-1500,-1343
"2025-12-04 08:05:48",,-2945,-1425.1,,3.404,,99,-1500,-1486
"2025-12-04 08:05:50",,-2947,-1425.96,,3.406,,99,-1500,-1505
"2025-12-04 08:05:52",,-2948,-1427.74,,3.407,,99,-1500,-1505
"2025-12-04 08:05:54",,-2948,-1426.95,,3.408,,99,-1500,-1506
"2025-12-04 08:05:56",,-2949,-1426.66,,3.409,,99,-1500,-1505
"2025-12-04 08:05:58",,-2950,-1427.03,,3.41,,99,-1500,-1503
"2025-12-04 08:06:00",,-2951,-1425.2,,3.411,,99,-1500,-1502
"2025-12-04 08:06:02",,-2952,-1426.85,,3.412,,99,-1500,-1503
"2025-12-04 08:06:04",,-2952,-1428.38,,3.414,,99,-1500,-1500
"2025-12-04 08:06:06",,-2953,-1426.43,,3.416,,99,-1500,-1500
"2025-12-04 08:06:08",,-2954,-1428.33,,3.417,,99,-2000,-1736
"2025-12-04 08:06:10",,-2956,-1907.18,,3.425,,99,-2000,-1949
"2025-12-04 08:06:12",,-2959,-1909.65,,3.428,,99,-2000,-1996
"2025-12-04 08:06:14",,-2960,-1909.3,,3.431,,99,-2000,-2003
"2025-12-04 08:06:16",,-2962,-1910.29,,3.433,,99,-2000,-2002
"2025-12-04 08:06:18",,-2963,-1910.6,,3.435,,99,-2000,-2002
"2025-12-04 08:06:20",,-2964,-1910.09,,3.438,,99,-2000,-2005
"2025-12-04 08:06:22",,-2965,-1911.07,,3.44,,99,-2000,-2005
"2025-12-04 08:06:24",,-2966,-1911.73,,3.443,,99,-2000,-2007
"2025-12-04 08:06:26",,-2967,-1912.71,,3.446,,99,-2000,-2007
"2025-12-04 08:06:28",,-2968,-1914.02,,3.449,,99,-2350,-2144
"2025-12-04 08:06:30",,-2970,-2249.16,,3.456,,99,-2350,-2337
"2025-12-04 08:06:32",,-2973,-2251.46,,3.46,,99,-2350,-2355
"2025-12-04 08:06:34",,-2974,-2250.28,,3.465,,99,-2350,-2354
"2025-12-04 08:06:36",,-2976,-2249.47,,3.469,,99,-2350,-2355
"2025-12-04 08:06:38",,-2977,-2250.22,,3.473,,99,-2350,-2356
"2025-12-04 08:06:40",,-2978,-2252.54,,3.477,,99,-2350,-2370
"2025-12-04 08:06:42",,-2980,-2564.75,,3.481,,99,-2350,-2767
"2025-12-04 08:06:44",,-2984,-2271.29,,3.485,,99,-2350,-2423
"2025-12-04 08:06:46",,-2983,-2253.84,,3.489,,99,-2350,-2377
"2025-12-04 08:06:48",,-2984,-2556.62,,3.494,,99,-2350,-2772
"2025-12-04 08:06:50",,-2989,-2478.89,,3.498,,99,-2350,-2421
"2025-12-04 08:06:52",,-2987,-2254.34,,3.502,,99,-2350,-2372
"2025-12-04 08:06:54",,-2989,-2744.04,,3.507,,99,-2350,-2772
"2025-12-04 08:06:56",,-2992,-2284.72,,3.511,,99,-2350,-2480
"2025-12-04 08:06:58",,-2991,-2528.2,,3.516,,99,-2350,-2778
"2025-12-04 08:07:00",,-2995,-2489.17,,3.521,,99,-2350,-2467
"2025-12-04 08:07:02",,-2994,-2524.66,,3.525,,99,-2350,-2766
"2025-12-04 08:07:04",,-2998,-2289.57,,3.529,,99,-2350,-2471
"2025-12-04 08:07:06",,-2997,-2719.58,,3.534,,99,-2350,-2778
"2025-12-04 08:07:08",,-3001,-2510.02,,3.538,,99,-2350,-2465
"2025-12-04 08:07:10",,-2999,-2509.69,,3.543,,99,-2350,-2765
"2025-12-04 08:07:12",,-3003,-2513.12,,3.547,,99,-2350,-2477
"2025-12-04 08:07:14",,-2994,-2696.7,,3.552,,99,-2350,-2770
"2025-12-04 08:07:16",,-3005,-2322.22,,3.557,,99,-2350,-2460
"2025-12-04 08:07:18",,-3004,-2486.34,,3.561,,99,-2350,-2765
"2025-12-04 08:07:20",,-2973,-2533.41,,3.565,,99,-2350,-2476
"2025-12-04 08:07:22",,-2959,-2512.16,,3.57,,99,-2350,-2823
"2025-12-04 08:07:24",,-2950,-2819.6,,3.575,,99,-2350,-2927
"2025-12-04 08:07:26",,-2920,-2809.39,,3.58,,99,-2350,-2932
"2025-12-04 08:07:28",,-2899,-2803.2,,3.585,,99,-2350,-2923
"2025-12-04 08:07:30",,-2853,-2785.36,,3.59,,99,-2350,-2896
"2025-12-04 08:07:32",,-2836,-2741.34,,3.594,,99,-2350,-2867
"2025-12-04 08:07:34",,-2788,-2725.6,,3.598,,99,-2350,-2839
"2025-12-04 08:07:36",,-2784,-2678.69,,3.601,,99,-2350,-2804
"2025-12-04 08:07:38",,-2765,-2676.47,,3.606,,99,-2350,-2796
"2025-12-04 08:07:40",,-2724,-2658.09,,3.609,,99,-2350,-2776
"2025-12-04 08:07:42",,-2707,-2620.86,,3.612,,99,-2350,-2738
"2025-12-04 08:07:44",,-2702,-2603.43,,3.615,,99,-2350,-2713
"2025-12-04 08:07:46",,-2664,-2599.1,,3.618,,99,-2350,-2702
"2025-12-04 08:07:48",,-2674,-2563.23,,3.622,,99,-2350,-2678
"2025-12-04 08:07:50",,-2623,-2572.22,,3.629,,99,-2350,-2678
"2025-12-04 08:07:52",,-2612,-2523.96,,3.635,,99,-2350,-2631
"2025-12-04 08:07:54",,-2594,-2516.04,,3.643,,99,-2350,-2620
"2025-12-04 08:07:56",,-2564,-2495.97,,3.649,,99,-2350,-2602
"2025-12-04 08:07:58",,-2555,-2466.96,,3.655,,99,-2350,-2572
"2025-12-04 08:08:00",,-2549,-2460.22,,3.655,,99,-2350,-2558
"2025-12-04 08:08:02",,-2242,-2453.46,,3.664,,99.5,-2000,-2555
"2025-12-04 08:08:04",,-1044,-2062.38,,3.67,,99.5,-2000,-2145
"2025-12-04 08:08:06",,-1242,-1451.07,,3.666,,99.5,-2000,-1170
"2025-12-04 08:08:08",,-1238,-598.87,,3.65,,99.5,-2000,-736
"2025-12-04 08:08:10",,-1237,-597.33,,3.627,,99.5,-2000,-650
"2025-12-04 08:08:12",,-1237,-596.98,,3.621,,99.5,-2000,-640
"2025-12-04 08:08:14",,-1236,-596.73,,3.618,,99.5,-2000,-639
"2025-12-04 08:08:16",,-1236,-596.53,,3.616,,99.5,-2000,-639
"2025-12-04 08:08:18",,-1236,-596.43,,3.613,,99.5,0,-328
"2025-12-04 08:08:20",,-1230,15.37,,3.584,,99.5,0,-40
"2025-12-04 08:08:22",,-1228,15.35,,3.572,,99.5,0,-12
"2025-12-04 08:08:24",,-1226,15.32,,3.567,,99.5,0,-6
"2025-12-04 08:08:26",,-1225,15.31,,3.556,,99.5,0,-4
"2025-12-04 08:08:28",,-1224,15.3,,3.545,,99.5,0,-3
"2025-12-04 08:08:30",,-1223,15.28,,3.54,,99.5,0,-4
"2025-12-04 08:08:32",,-1222,15.28,,3.534,,99.5,0,-3
"2025-12-04 08:08:34",,-1221,9.4,,3.529,,99.5,0,0
"2025-12-04 08:08:36",,-1049,1.17,,3.526,,99.5,0,0
"2025-12-04 08:08:38",,0,0,,,,99.5,0,0
"2025-12-04 08:08:40",,0,0,,,,99.5,0,0
"2025-12-04 08:08:42",,0,0,,,,99.5,0,0
"2025-12-04 08:08:44",,0,0,,,,99.5,0,0
"2025-12-04 08:08:46",,0,0,,,,99.5,0,0
"2025-12-04 08:08:48",,0,0,,,,99.5,0,0
"2025-12-04 08:08:50",,0,0,,,,99.5,0,0
"2025-12-04 08:08:52",,0,0,,,,99.5,0,0
"2025-12-04 08:08:54",,0,0,,,,99.5,0,0
"2025-12-04 08:08:56",,0,0,,,,99.5,0,0
"2025-12-04 08:08:58",,0,0,,,,99.5,0,0
"2025-12-04 08:09:00",,0,0,,,,99.5,0,0
"2025-12-04 08:09:02",,0,0,,,,99.5,0,0
"2025-12-04 08:09:04",,0,0,,,,99.5,0,0
"2025-12-04 08:09:06",,0,0,,,,99.5,0,0
"2025-12-04 08:09:08",,0,0,,,,99.5,0,0
"2025-12-04 08:09:10",,0,0,,,,99.5,0,0
"2025-12-04 08:09:12",,0,0,,,,99.5,0,0
"2025-12-04 08:09:14",,0,0,,,,99.5,0,0
"2025-12-04 08:09:16",,0,0,,,,99.5,0,0
"2025-12-04 08:09:18",,0,0,,,,99.5,0,0
"2025-12-04 08:09:20",,0,0,,,,99.5,0,0
"2025-12-04 08:09:22",,0,0,,,,99.5,0,0
"2025-12-04 08:09:24",,0,0,,,,99.5,0,0
"2025-12-04 08:09:26",,0,0,,,,99.5,0,0
"2025-12-04 08:09:28",,0,0,,,,99.5,0,0
"2025-12-04 08:09:30",,0,0,,,,99.5,0,0
"2025-12-04 08:09:32",,0,0,,,,99.5,0,0
"2025-12-04 08:09:34",,0,0,,,,99.5,0,0
"2025-12-04 08:09:36",,0,0,,,,99.5,0,0
"2025-12-04 08:09:38",,0,0,,,,99.5,0,0
"2025-12-04 08:09:40",,0,0,,,,99.5,0,0
"2025-12-04 08:09:42",,0,0,,,,99.5,0,0
"2025-12-04 08:09:44",,0,0,,,,99.5,0,0
"2025-12-04 08:09:46",,0,0,,,,99.5,0,0
"2025-12-04 08:09:48",,0,0,,,,99.5,0,0
"2025-12-04 08:09:50",,0,0,,,,99.5,0,0
"2025-12-04 08:09:52",,0,0,,,,99.5,0,0
"2025-12-04 08:09:54",,0,0,,,,99.5,0,0
"2025-12-04 08:09:56",,0,0,,,,99.5,0,0
"2025-12-04 08:09:58",,0,0,,,,99.5,0,0
"2025-12-04 08:10:00",,0,0,,,,99.5,0,0
"2025-12-04 08:10:02",,0,0,,,,99.5,0,0
"2025-12-04 08:10:04",,0,0,,,,99.5,0,0
"2025-12-04 08:10:06",,0,0,,,,99.5,0,0
"2025-12-04 08:10:08",,0,0,,,,99.5,0,0
"2025-12-04 08:10:10",,0,0,,,,99.5,0,0
"2025-12-04 08:10:12",,0,0,,,,99.5,0,0
"2025-12-04 08:10:14",,0,0,,,,99.5,0,0
"2025-12-04 08:10:16",,0,0,,,,99.5,0,0
"2025-12-04 08:10:18",,0,0,,,,99.5,0,0
"2025-12-04 08:10:20",,0,0,,,,99.5,0,0
"2025-12-04 08:10:22",,0,0,,,,99.5,0,0
"2025-12-04 08:10:24",,0,0,,,,99.5,0,0
"2025-12-04 08:10:26",,0,0,,,,99.5,0,0
"2025-12-04 08:10:28",,0,0,,,,99.5,0,0
"2025-12-04 08:10:30",,0,0,,,,99.5,0,0
"2025-12-04 08:10:32",,0,0,,,,99.5,0,0
"2025-12-04 08:10:34",,0,0,,,,99.5,0,0
"2025-12-04 08:10:36",,0,0,,,,99.5,0,0
"2025-12-04 08:10:38",,0,0,,,,99.5,0,0
"2025-12-04 08:10:40",,0,0,,,,99.5,0,0
"2025-12-04 08:10:42",,0,0,,,,99.5,0,0
"2025-12-04 08:10:44",,0,0,,,,99.5,0,0
"2025-12-04 08:10:46",,0,0,,,,99.5,0,0
"2025-12-04 08:10:48",,0,0,,,,99.5,0,0
"2025-12-04 08:10:50",,0,0,,,,99.5,0,0
"2025-12-04 08:10:52",,0,0,,,,99.5,0,0
"2025-12-04 08:10:54",,0,0,,,,99.5,0,0
"2025-12-04 08:10:56",,0,0,,,,99.5,0,0
"2025-12-04 08:10:58",,0,0,,,,99.5,0,0
"2025-12-04 08:11:00",,0,0,,,,99.5,0,0
"2025-12-04 08:11:02",,0,0,,,,99.5,0,0
"2025-12-04 08:11:04",,0,0,,,,99.5,0,0
"2025-12-04 08:11:06",,0,0,,,,99.5,0,0
"2025-12-04 08:11:08",,0,0,,,,99.5,0,0
"2025-12-04 08:11:10",,0,0,,,,99.5,0,0
"2025-12-04 08:11:12",,0,0,,,,99.5,0,0
"2025-12-04 08:11:14",,0,0,,,,99.5,0,0
"2025-12-04 08:11:16",,0,0,,,,99.5,0,0
"2025-12-04 08:11:18",,0,0,,,,99.5,0,0
"2025-12-04 08:11:20",,0,0,,,,99.5,0,0
"2025-12-04 08:11:22",,0,0,,,,99.5,0,0
"2025-12-04 08:11:24",,0,0,,,,99.5,0,0
"2025-12-04 08:11:26",,0,0,,,,99.5,0,0
"2025-12-04 08:11:28",,0,0,,,,99.5,0,0
"2025-12-04 08:11:30",,0,0,,,,99.5,0,0
"2025-12-04 08:11:32",,0,0,,,,99.5,0,0
"2025-12-04 08:11:34",,0,0,,,,99.5,0,0
"2025-12-04 08:11:36",,0,0,,,,99.5,0,0
"2025-12-04 08:11:38",,0,0,,,,99.5,0,0
"2025-12-04 08:11:40",,0,0,,,,99.5,0,0
"2025-12-04 08:11:42",,0,0,,,,99.5,0,0
"2025-12-04 08:11:44",,0,0,,,,99.5,0,0
"2025-12-04 08:11:46",,0,0,,,,99.5,0,0
"2025-12-04 08:11:48",,0,0,,3.392,,99.5,0,0
"2025-12-04 08:11:50",,0,0,,3.392,,99.5,0,0
"2025-12-04 08:11:52",,0,0,,3.393,,99.5,0,0
"2025-12-04 08:11:54",,0,0,,3.393,,99.5,0,0
"2025-12-04 08:11:56",,0,0,,3.393,,99.5,0,0
"2025-12-04 08:11:58",,0,0,,3.393,,99.5,0,0
"2025-12-04 08:12:00",,0,0,,3.393,,99.5,0,0
"2025-12-04 08:12:02",,0,8.1,,3.395,,99.5,0,0
"2025-12-04 08:12:04",,0,0,,3.395,,99.5,0,0
"2025-12-04 08:12:06",,0,0,,3.395,,99.5,0,0
"2025-12-04 08:12:08",,0,1.16,,3.395,,99.5,0,0
"2025-12-04 08:12:10",,0,0,,3.395,,99.5,0,0
"2025-12-04 08:12:12",,0,2.31,,3.395,,99.5,0,0
"2025-12-04 08:12:14",,0,0,,3.394,,99.5,0,0
"2025-12-04 08:12:16",,0,5.78,,3.394,,99.5,0,0
"2025-12-04 08:12:18",,-601,1.16,,3.393,,99.5,0,0
"2025-12-04 08:12:20",,-601,13.88,,3.393,,99.5,0,0
"2025-12-04 08:12:22",,-600,2.31,,3.393,,99.5,0,0
"2025-12-04 08:12:24",,-600,2.31,,3.392,,99.5,0,0
"2025-12-04 08:12:26",,-600,2.31,,3.392,,99.5,0,0
"2025-12-04 08:12:28",,-600,2.31,,3.392,,99,0,0
"2025-12-04 08:12:30",,-600,16.18,,3.391,,99,0,0
"2025-12-04 08:12:32",,-600,2.31,,3.39,,99,0,0
"2025-12-04 08:12:34",,-600,2.31,,3.39,,99,0,0
"2025-12-04 08:12:36",,-600,3.47,,3.389,,99,0,0
"2025-12-04 08:12:38",,-600,17.33,,3.389,,99,0,0
"2025-12-04 08:12:40",,-600,3.47,,3.388,,99,0,0
"2025-12-04 08:12:42",,-600,3.47,,3.388,,99,0,0
"2025-12-04 08:12:44",,-600,3.46,,3.388,,99,0,0
"2025-12-04 08:12:46",,-600,3.46,,3.388,,99,0,0
"2025-12-04 08:12:48",,-600,9.24,,3.388,,99,0,0
"2025-12-04 08:12:50",,-1764,3.46,,3.387,,99,0,0
"2025-12-04 08:12:52",,-1764,3.46,,3.387,,99,0,0
"2025-12-04 08:12:54",,-1764,3.46,,3.387,,99,0,0
"2025-12-04 08:12:56",,-1764,3.46,,3.387,,99,0,0
"2025-12-04 08:12:58",,-1764,3.46,,3.387,,99,0,0
"2025-12-04 08:13:00",,-1764,3.46,,3.387,,99,0,0
"2025-12-04 08:13:02",,-1764,3.46,,3.387,,99,0,0
"2025-12-04 08:13:04",,-1764,3.46,,3.386,,99,0,0
"2025-12-04 08:13:06",,-1764,3.46,,3.386,,99,0,0
"2025-12-04 08:13:08",,-1764,3.46,,3.386,,99,0,0
"2025-12-04 08:13:10",,-1764,3.46,,3.386,,99,0,0
"2025-12-04 08:13:12",,-1764,3.46,,3.386,,99,0,0
"2025-12-04 08:13:14",,-1764,3.46,,3.385,,99,0,0
"2025-12-04 08:13:16",,-1764,3.46,,3.385,,99,0,0
"2025-12-04 08:13:18",,-1763,3.46,,3.385,,99,0,0
"2025-12-04 08:13:20",,-1763,3.46,,3.385,,99,0,0
"2025-12-04 08:13:22",,-1763,3.46,,3.385,,99,0,0
"2025-12-04 08:13:24",,-1763,3.46,,3.385,,99,0,0
"2025-12-04 08:13:26",,-1763,3.46,,3.385,,99,0,0
"2025-12-04 08:13:28",,-1763,3.46,,3.385,,99,0,0
"2025-12-04 08:13:30",,-1763,3.46,,3.385,,99,0,0
"2025-12-04 08:13:32",,-1763,3.46,,3.384,,99,0,0
"2025-12-04 08:13:34",,-1763,3.46,,3.384,,99,0,0
"2025-12-04 08:13:36",,-1763,3.46,,3.384,,99,0,0
"2025-12-04 08:13:38",,-1763,3.46,,3.384,,99,0,0
"2025-12-04 08:13:40",,-1763,3.46,,3.383,,99,0,0
"2025-12-04 08:13:42",,-1763,3.46,,3.384,,99,0,0
"2025-12-04 08:13:44",,-1763,3.46,,3.384,,99,0,0
"2025-12-04 08:13:46",,-1763,3.46,,3.383,,99,0,0
"2025-12-04 08:13:48",,-1763,3.46,,3.383,,99,0,0
"2025-12-04 08:13:50",,-1763,3.46,,3.383,,99,0,0
"2025-12-04 08:13:52",,-1763,3.46,,3.383,,99,0,0
"2025-12-04 08:13:54",,-1763,3.46,,3.383,,99,0,0
"2025-12-04 08:13:56",,-1763,3.46,,3.383,,99,0,0
"2025-12-04 08:13:58",,-1762,3.46,,3.383,,99,0,0
"2025-12-04 08:14:00",,-1762,3.46,,3.383,,99,0,0
"2025-12-04 08:14:02",,-1762,3.46,,3.383,,99,0,0
"2025-12-04 08:14:04",,-1762,3.46,,3.383,,99,0,0
"2025-12-04 08:14:06",,-1762,3.46,,3.382,,99,0,0
"2025-12-04 08:14:08",,-1762,3.46,,3.382,,99,0,0
"2025-12-04 08:14:10",,-1762,3.46,,3.382,,99,0,0
"2025-12-04 08:14:12",,-1762,3.46,,3.382,,99,0,0
"2025-12-04 08:14:14",,-1762,3.46,,3.382,,99,0,0
"2025-12-04 08:14:16",,-1762,3.46,,3.382,,99,0,0
"2025-12-04 08:14:18",,-1762,3.46,,3.382,,99,0,0
"2025-12-04 08:14:20",,-1762,3.46,,3.382,,99,0,0
"2025-12-04 08:14:22",,-1762,3.46,,3.382,,99,0,0
"2025-12-04 08:14:24",,-1762,3.46,,3.381,,99,0,0
"2025-12-04 08:14:26",,-1762,3.46,,3.381,,99,0,0
"2025-12-04 08:14:28",,-1762,3.46,,3.381,,99,0,0
"2025-12-04 08:14:30",,-1762,3.46,,3.381,,99,0,0
"2025-12-04 08:14:32",,-1762,3.46,,3.381,,99,0,0
"2025-12-04 08:14:34",,-1762,3.46,,3.381,,99,0,0
"2025-12-04 08:14:36",,-1762,3.46,,3.381,,99,0,0
"2025-12-04 08:14:38",,-1762,3.46,,3.381,,99,0,0
"2025-12-04 08:14:40",,-1762,3.46,,3.381,,99,0,0
"2025-12-04 08:14:42",,-1762,3.46,,3.381,,99,0,0
"2025-12-04 08:14:44",,-1762,3.46,,3.381,,99,0,0
"2025-12-04 08:14:46",,-1762,3.46,,3.381,,99,0,0
"2025-12-04 08:14:48",,-1762,3.46,,3.381,,99,0,0
"2025-12-04 08:14:50",,-1762,3.46,,3.381,,99,0,0
"2025-12-04 08:14:52",,-1761,3.46,,3.38,,99,0,0
"2025-12-04 08:14:54",,-1761,3.46,,3.381,,99,0,0
"2025-12-04 08:14:56",,-1761,3.46,,3.38,,99,0,0
"2025-12-04 08:14:58",,-1761,3.46,,3.381,,99,0,0
"2025-12-04 08:15:00",,-1761,3.46,,3.38,,99,0,0
"2025-12-04 08:15:02",,-1761,3.46,,3.38,,99,0,0
"2025-12-04 08:15:04",,-1761,3.46,,3.38,,99,0,0
"2025-12-04 08:15:06",,-1761,3.46,,3.38,,99,0,0
"2025-12-04 08:15:08",,-1761,3.46,,3.38,,99,0,0
"2025-12-04 08:15:10",,-1761,3.46,,3.38,,99,0,0
"2025-12-04 08:15:12",,-1761,4.61,,3.38,,99,0,-12
"2025-12-04 08:15:14",,-1761,14.99,,3.38,,99,0,-8
"2025-12-04 08:15:16",,-1761,13.83,,3.38,,99,0,-7
"2025-12-04 08:15:18",,-1761,14.99,,3.379,,99,0,-7
"2025-12-04 08:15:20",,-1761,14.99,,3.379,,99,0,-6
"2025-12-04 08:15:22",,-1761,14.98,,3.379,,99,0,-6
"2025-12-04 08:15:24",,-1761,14.98,,3.379,,99,-500,-22
"2025-12-04 08:15:26",,-1763,-461.6,,3.393,,99,-500,-398
"2025-12-04 08:15:28",,-1764,-462.08,,3.394,,99,-500,-487
"2025-12-04 08:15:30",,-1765,-462.52,,3.397,,99,-500,-497
"2025-12-04 08:15:32",,-1766,-463.88,,3.399,,99,-500,-499
"2025-12-04 08:15:34",,-1766,-464.08,,3.4,,99,-500,-499
"2025-12-04 08:15:36",,-1767,-463.04,,3.401,,99,-500,-499
"2025-12-04 08:15:38",,-1767,-464.28,,3.403,,99,-500,-500
"2025-12-04 08:15:40",,-1767,-464.44,,3.404,,99,-500,-500
"2025-12-04 08:15:42",,-1768,-462.24,,3.405,,99,-500,-502
"2025-12-04 08:15:44",,-1768,-464.68,,3.406,,99,-500,-503
"2025-12-04 08:15:46",,-1768,-464.76,,3.407,,99,-500,-504
"2025-12-04 08:15:48",,-1768,-463.68,,3.408,,99,-500,-503
"2025-12-04 08:15:50",,-1769,-462.6,,3.409,,99,-500,-502
"2025-12-04 08:15:52",,-1769,-462.72,,3.41,,99,-500,-502
"2025-12-04 08:15:54",,-1769,-462.8,,3.411,,99,-500,-502
"2025-12-04 08:15:56",,-1769,-464.08,,3.412,,99,-500,-499
"2025-12-04 08:15:58",,-1770,-461.8,,3.413,,99,-500,-498
"2025-12-04 08:16:00",,-1770,-460.72,,3.414,,99,-500,-498
"2025-12-04 08:16:02",,-1770,-461.96,,3.414,,99,-500,-498
"2025-12-04 08:16:04",,-1770,-464.36,,3.415,,99,-500,-499
"2025-12-04 08:16:06",,-1770,-464.44,,3.416,,99,-500,-499
"2025-12-04 08:16:08",,-1771,-464.48,,3.416,,99,-500,-499
"2025-12-04 08:16:10",,-1771,-464.56,,3.418,,99,-500,-499
"2025-12-04 08:16:12",,-1771,-463.48,,3.418,,99,-500,-499
"2025-12-04 08:16:14",,-1771,-463.56,,3.419,,99,-500,-501
"2025-12-04 08:16:16",,-1771,-463.64,,3.42,,99,-500,-502
"2025-12-04 08:16:18",,-1772,-464.84,,3.421,,99,-500,-503
"2025-12-04 08:16:20",,-1772,-464.92,,3.421,,99,-500,-504
"2025-12-04 08:16:22",,-1772,-465,,3.422,,99,-500,-503
"2025-12-04 08:16:24",,-1772,-463.88,,3.422,,99,-500,-501
"2025-12-04 08:16:26",,-1772,-463.96,,3.423,,99,-500,-501
"2025-12-04 08:16:28",,-1772,-464,,3.424,,99,-1000,-642
"2025-12-04 08:16:30",,-1773,-889.14,,3.44,,99,-1000,-960
"2025-12-04 08:16:32",,-1777,-948.17,,3.444,,99,-1000,-994
"2025-12-04 08:16:34",,-1778,-949.91,,3.448,,99,-1000,-998
"2025-12-04 08:16:36",,-1779,-949.31,,3.451,,99,-1000,-998
"2025-12-04 08:16:38",,-1780,-950.88,,3.451,,99,-1000,-1000
"2025-12-04 08:16:40",,-1780,-947.78,,3.455,,99,-1000,-1000
"2025-12-04 08:16:42",,-1781,-950.69,,3.458,,99,-1000,-1002
"2025-12-04 08:16:44",,-1781,-949.92,,3.46,,99,-1000,-1004
"2025-12-04 08:16:46",,-1782,-950.25,,3.461,,99,-1000,-1005
"2025-12-04 08:16:48",,-1782,-950.57,,3.464,,99,-1000,-1005
"2025-12-04 08:16:50",,-1783,-950.9,,3.466,,99,-1000,-1004
"2025-12-04 08:16:52",,-1783,-991.1,,3.467,,99,-1410,-1445
"2025-12-04 08:16:54",,-1789,-1702.27,,3.479,,99,-1410,-1721
"2025-12-04 08:16:56",,-1792,-1707.68,,3.483,,99,-1410,-1786
"2025-12-04 08:16:58",,-1792,-1712.23,,3.487,,99,-1410,-1796
"2025-12-04 08:17:00",,-1798,-1712.22,,3.49,,99,-1410,-1795
"2025-12-04 08:17:02",,-1798,-1715.59,,3.493,,99,-1410,-1800
"2025-12-04 08:17:04",,-1798,-1716.46,,3.495,,99,-1410,-1799
"2025-12-04 08:17:06",,-1782,-1716.45,,3.497,,99,-1410,-1793
"2025-12-04 08:17:08",,-1774,-1700.64,,3.499,,99,-1410,-1784
"2025-12-04 08:17:10",,-1768,-1694.27,,3.501,,99,-1410,-1775
"2025-12-04 08:17:12",,-1758,-1687.9,,3.503,,99,-1410,-1769
"2025-12-04 08:17:14",,-1739,-1679.15,,3.505,,99,-1410,-1762
"2025-12-04 08:17:16",,-1742,-1661.07,,3.507,,99,-1410,-1746
"2025-12-04 08:17:18",,-1727,-1662.96,,3.508,,99,-1410,-1744
"2025-12-04 08:17:20",,-1739,-1653.91,,3.509,,99,-1410,-1740
"2025-12-04 08:17:22",,-1708,-1656.84,,3.51,,99,-1410,-1743
"2025-12-04 08:17:24",,-1696,-1640.81,,3.512,,99,-1410,-1723
"2025-12-04 08:17:26",,-1700,-1620.17,,3.513,,99,-1410,-1705
"2025-12-04 08:17:28",,-1701,-1624.27,,3.514,,99,-1410,-1704
"2025-12-04 08:17:30",,-1692,-1627.19,,3.515,,99,-1410,-1704
"2025-12-04 08:17:32",,-1691,-1624.04,,3.516,,99,-1410,-1692
"2025-12-04 08:17:34",,-1671,-1599.54,,3.517,,99,-1410,-1678
"2025-12-04 08:17:36",,-1672,-1597.7,,3.518,,99,-1410,-1672
"2025-12-04 08:17:38",,-1667,-1596.92,,3.519,,99,-1410,-1671
"2025-12-04 08:17:40",,-1669,-1596,,3.52,,99,-1410,-1669
"2025-12-04 08:17:42",,-1664,-1591.65,,3.52,,99,-1410,-1671
"2025-12-04 08:17:44",,-1670,-1595.62,,3.521,,99,-1410,-1655
"2025-12-04 08:17:46",,-1652,-1574.76,,3.522,,99,-1410,-1654
"2025-12-04 08:17:48",,-1647,-1577.4,,3.523,,99,-1410,-1657
"2025-12-04 08:17:50",,-1648,-1572.91,,3.524,,99,-1410,-1653
"2025-12-04 08:17:52",,-1630,-1574.5,,3.524,,99,-1410,-1653
"2025-12-04 08:17:54",,-1647,-1574.9,,3.525,,99,-1410,-1638
"2025-12-04 08:17:56",,-1634,-1555.07,,3.526,,99,-1410,-1633
"2025-12-04 08:17:58",,-1631,-1562.47,,3.526,,99,-1410,-1637
"2025-12-04 08:18:00",,-1625,-1559.16,,3.527,,99,-1410,-1634
"2025-12-04 08:18:02",,-1629,-1552.28,,3.527,,99,-1410,-1628
"2025-12-04 08:18:04",,-1619,-1552.54,,3.528,,99,-1410,-1636
"2025-12-04 08:18:06",,-1609,-1557.57,,3.529,,99,-1410,-1632
"2025-12-04 08:18:08",,-1604,-1537.71,,3.529,,99,-1410,-1613
"2025-12-04 08:18:10",,-1609,-1533.2,,3.53,,99,-1410,-1606
"2025-12-04 08:18:12",,-1604,-1538.1,,3.53,,99,-1410,-1610
"2025-12-04 08:18:14",,-1604,-1533.59,,3.531,,99,-1410,-1606
"2025-12-04 08:18:16",,-1607,-1533.85,,3.531,,99,-1410,-1610
"2025-12-04 08:18:18",,-1593,-1534.1,,3.532,,99,-1410,-1610
"2025-12-04 08:18:20",,-1602,-1523.63,,3.532,,99,-1410,-1600
"2025-12-04 08:18:22",,-1599,-1530.91,,3.533,,99,-1410,-1606
"2025-12-04 08:18:24",,-1588,-1529.98,,3.533,,99,-1410,-1606
"2025-12-04 08:18:26",,-1600,-1530.23,,3.534,,99,-1410,-1600
"2025-12-04 08:18:28",,-1597,-1522.14,,3.536,,99,-1410,-1596
"2025-12-04 08:18:30",,-1582,-1525.85,,3.536,,99,-1410,-1599
"2025-12-04 08:18:32",,-1594,-1511.78,,3.537,,99,-1410,-1586
"2025-12-04 08:18:34",,-1579,-1513.1,,3.538,,99,-1410,-1579
"2025-12-04 08:18:36",,-1575,-1508.58,,3.539,,99,-1410,-1573
"2025-12-04 08:18:38",,-1584,-1523.16,,3.54,,99,-1410,-1590
"2025-12-04 08:18:40",,-1587,-1516.13,,3.541,,99,-1410,-1586
"2025-12-04 08:18:42",,-1573,-1517.45,,3.542,,99,-1410,-1588
"2025-12-04 08:18:44",,-1573,-1518.9,,3.544,,99,-1410,-1580
"2025-12-04 08:18:46",,-1574,-1509.47,,3.544,,99,-1410,-1578
"2025-12-04 08:18:48",,-1575,-1506.14,,3.545,,99,-1410,-1578
"2025-12-04 08:18:50",,-1575,-1505.07,,3.546,,99,-1410,-1578
"2025-12-04 08:18:52",,-1573,-1506.39,,3.547,,99,-1410,-1579
"2025-12-04 08:18:54",,-1566,-1495.89,,3.548,,99,-1410,-1570
"2025-12-04 08:18:56",,-1561,-1494.82,,3.548,,99,-1410,-1570
"2025-12-04 08:18:58",,-1563,-1496.27,,3.549,,99,-1410,-1569
"2025-12-04 08:19:00",,-1564,-1494,,3.55,,99,-1410,-1568
"2025-12-04 08:19:02",,-1564,-1494.12,,3.551,,99,-1410,-1567
"2025-12-04 08:19:04",,-1564,-1495.45,,3.552,,99,-1410,-1567
"2025-12-04 08:19:06",,-1564,-1495.57,,3.553,,99,-1410,-1566
"2025-12-04 08:19:08",,-1564,-1495.82,,3.554,,99,-1410,-1566
"2025-12-04 08:19:10",,-1548,-1495.95,,3.554,,99,-1410,-1564
"2025-12-04 08:19:12",,-1554,-1491.29,,3.555,,99,-1410,-1561
"2025-12-04 08:19:14",,-1560,-1500.98,,3.556,,99,-1410,-1570
"2025-12-04 08:19:16",,-1570,-1503.5,,3.558,,99,-1410,-1560
"2025-12-04 08:19:18",,-1556,-1491.79,,3.558,,99,-1410,-1560
"2025-12-04 08:19:20",,-1549,-1489.52,,3.558,,99,-1410,-1560
"2025-12-04 08:19:22",,-1553,-1487.25,,3.559,,99,-1410,-1559
"2025-12-04 08:19:24",,-1555,-1486.18,,3.56,,99,-1410,-1559
"2025-12-04 08:19:26",,-1554,-1483.91,,3.561,,99,-1410,-1559
"2025-12-04 08:19:28",,-1554,-1485.35,,3.562,,99,-1410,-1560
"2025-12-04 08:19:30",,-1550,-1486.67,,3.562,,99,-1410,-1551
"2025-12-04 08:19:32",,-1538,-1474.83,,3.563,,99,-1410,-1546
"2025-12-04 08:19:34",,-1538,-1473.75,,3.564,,99,-1410,-1550
"2025-12-04 08:19:36",,-1553,-1481.06,,3.565,,99,-1410,-1546
"2025-12-04 08:19:38",,-1547,-1474.12,,3.565,,99,-1410,-1544
"2025-12-04 08:19:40",,-1539,-1474.25,,3.565,,99,-1410,-1546
"2025-12-04 08:19:42",,-1541,-1477.96,,3.567,,99,-1410,-1547
"2025-12-04 08:19:44",,-1543,-1478.09,,3.568,,99,-1410,-1546
"2025-12-04 08:19:46",,-1543,-1477.01,,3.568,,99,-1410,-1544
"2025-12-04 08:19:48",,-1544,-1475.94,,3.569,,99,-1410,-1545
"2025-12-04 08:19:50",,-1544,-1476.18,,3.569,,99,-1410,-1545
"2025-12-04 08:19:52",,-1544,-1476.18,,3.57,,99,-1410,-1546
"2025-12-04 08:19:54",,-1539,-1476.31,,3.571,,99,-1410,-1548
"2025-12-04 08:19:56",,-1532,-1477.63,,3.572,,99,-1410,-1539
"2025-12-04 08:19:58",,-1523,-1464.69,,3.572,,99,-1410,-1546
"2025-12-04 08:20:00",,-1531,-1476.8,,3.573,,99,-1410,-1546
"2025-12-04 08:20:02",,-1538,-1470.93,,3.574,,99,-1410,-1551
"2025-12-04 08:20:04",,-1551,-1484.24,,3.575,,99,-1410,-1547
"2025-12-04 08:20:06",,-1525,-1473.57,,3.576,,99,-1410,-1538
"2025-12-04 08:20:08",,-1524,-1460.5,,3.576,,99,-1410,-1539
"2025-12-04 08:20:10",,-1532,-1475.02,,3.577,,99,-1410,-1539
"2025-12-04 08:20:12",,-1534,-1469.14,,3.577,,99,-1410,-1537
"2025-12-04 08:20:14",,-1534,-1465.67,,3.578,,99,-1410,-1534
"2025-12-04 08:20:16",,-1534,-1466.99,,3.579,,99,-1410,-1533
"2025-12-04 08:20:18",,-1534,-1465.91,,3.58,,99,-1410,-1534
"2025-12-04 08:20:20",,-1534,-1466.03,,3.581,,99,-1410,-1535
"2025-12-04 08:20:22",,-1534,-1466.16,,3.581,,99,-1410,-1536
"2025-12-04 08:20:24",,-1529,-1466.28,,3.582,,99,-1410,-1533
"2025-12-04 08:20:26",,-1529,-1459.2,,3.583,,99,-1410,-1529
"2025-12-04 08:20:28",,-1515,-1455.72,,3.583,,99,-1410,-1532
"2025-12-04 08:20:30",,-1532,-1461.97,,3.584,,99,-1410,-1539
"2025-12-04 08:20:32",,-1540,-1471.57,,3.585,,99,-1410,-1539
"2025-12-04 08:20:34",,-1531,-1463.29,,3.585,,99,-1410,-1528
"2025-12-04 08:20:36",,-1514,-1452.61,,3.586,,99,-1410,-1524
"2025-12-04 08:20:38",,-1523,-1453.93,,3.586,,99,-1410,-1525
"2025-12-04 08:20:40",,-1522,-1457.77,,3.587,,99,-1410,-1527
"2025-12-04 08:20:42",,-1524,-1459.09,,3.587,,99,-1410,-1527
"2025-12-04 08:20:44",,-1522,-1456.81,,3.588,,99,-1410,-1523
"2025-12-04 08:20:46",,-1526,-1458.14,,3.589,,99,-1410,-1525
"2025-12-04 08:20:48",,-1524,-1457.06,,3.59,,99,-1410,-1525
"2025-12-04 08:20:50",,-1524,-1459.58,,3.59,,99,-1410,-1525
"2025-12-04 08:20:52",,-1524,-1458.5,,3.591,,99,-1410,-1526
"2025-12-04 08:20:54",,-1524,-1459.82,,3.592,,99,-1410,-1527
"2025-12-04 08:20:56",,-1524,-1458.74,,3.593,,99,-1410,-1527
"2025-12-04 08:20:58",,-1525,-1457.66,,3.594,,99,-1410,-1527
"2025-12-04 08:21:00",,-1515,-1457.9,,3.594,,99,-1410,-1527
"2025-12-04 08:21:02",,-1525,-1452.02,,3.594,,99,-1410,-1531
"2025-12-04 08:21:04",,-1533,-1462.83,,3.595,,99,-1410,-1531
"2025-12-04 08:21:06",,-1506,-1447.45,,3.596,,99,-1410,-1518
"2025-12-04 08:21:08",,-1516,-1440.24,,3.596,,99,-1410,-1517
"2025-12-04 08:21:10",,-1520,-1451.3,,3.597,,99,-1410,-1521
"2025-12-04 08:21:12",,-1513,-1450.21,,3.598,,99,-1410,-1517
"2025-12-04 08:21:14",,-1511,-1443.12,,3.598,,99,-1410,-1515
"2025-12-04 08:21:16",,-1513,-1449.25,,3.599,,99,-1410,-1516
"2025-12-04 08:21:18",,-1513,-1448.05,,3.599,,99,-1410,-1515
"2025-12-04 08:21:20",,-1514,-1448.29,,3.6,,99,-1410,-1514
"2025-12-04 08:21:22",,-1514,-1448.41,,3.601,,99,-1410,-1515
"2025-12-04 08:21:24",,-1514,-1448.53,,3.601,,99,-1410,-1513
"2025-12-04 08:21:26",,-1514,-1448.65,,3.602,,99,-1410,-1514
"2025-12-04 08:21:28",,-1514,-1448.77,,3.603,,99,-1410,-1514
"2025-12-04 08:21:30",,-1512,-1446.49,,3.604,,99,-1410,-1516
"2025-12-04 08:21:32",,-1516,-1446.61,,3.605,,99,-1410,-1517
"2025-12-04 08:21:34",,-1515,-1446.73,,3.605,,99,-1410,-1518
"2025-12-04 08:21:36",,-1510,-1449.25,,3.606,,99,-1410,-1521
"2025-12-04 08:21:38",,-1520,-1445.76,,3.607,,99,-1410,-1519
"2025-12-04 08:21:40",,-1520,-1456.72,,3.607,,99,-1410,-1522
"2025-12-04 08:21:42",,-1511,-1446,,3.608,,99,-1410,-1516
"2025-12-04 08:21:44",,-1495,-1449.74,,3.609,,99,-1410,-1512
"2025-12-04 08:21:46",,-1503,-1431.79,,3.609,,99,-1410,-1501
"2025-12-04 08:21:48",,-1507,-1437.93,,3.609,,99,-1410,-1504
"2025-12-04 08:21:50",,-1512,-1441.67,,3.61,,99,-1410,-1508
"2025-12-04 08:21:52",,-1522,-1445.52,,3.611,,99,-1410,-1512
"2025-12-04 08:21:54",,-1515,-1456.36,,3.612,,99,-1410,-1521
"2025-12-04 08:21:56",,-1497,-1449.25,,3.613,,99,-1410,-1515
"2025-12-04 08:21:58",,-1504,-1433.71,,3.613,,99,-1410,-1501
"2025-12-04 08:22:00",,-1504,-1438.77,,3.614,,99,-1410,-1506
"2025-12-04 08:22:02",,-1505,-1441.18,,3.615,,99,-1410,-1508
"2025-12-04 08:22:04",,-1504,-1441.42,,3.615,,99,-1410,-1509
"2025-12-04 08:22:06",,-1504,-1439.13,,3.616,,99,-1410,-1508
"2025-12-04 08:22:08",,-1503,-1439.25,,3.617,,99,-1410,-1508
"2025-12-04 08:22:10",,-1503,-1438.16,,3.617,,99,-1410,-1509
"2025-12-04 08:22:12",,-1503,-1437.08,,3.618,,99,-1410,-1508
"2025-12-04 08:22:14",,-1504,-1439.61,,3.619,,99,-1410,-1508
"2025-12-04 08:22:16",,-1504,-1438.52,,3.619,,99,-1410,-1507
"2025-12-04 08:22:18",,-1504,-1437.43,,3.62,,99,-1410,-1505
"2025-12-04 08:22:20",,-1504,-1437.55,,3.621,,99,-1410,-1504
"2025-12-04 08:22:22",,-1501,-1439,,3.621,,99,-1410,-1504
"2025-12-04 08:22:24",,-1507,-1435.5,,3.622,,99,-1410,-1500
"2025-12-04 08:22:26",,-1491,-1442.73,,3.623,,99,-1410,-1508
"2025-12-04 08:22:28",,-1494,-1425.96,,3.624,,99,-1410,-1493
"2025-12-04 08:22:30",,-1494,-1429.7,,3.624,,99,-1410,-1494
"2025-12-04 08:22:32",,-1495,-1428.73,,3.625,,99,-1410,-1495
"2025-12-04 08:22:34",,-1494,-1431.26,,3.626,,99,-1410,-1496
"2025-12-04 08:22:36",,-1491,-1427.76,,3.626,,99,-1410,-1496
"2025-12-04 08:22:38",,-1493,-1425.47,,3.627,,99,-1410,-1495
"2025-12-04 08:22:40",,-1492,-1428,,3.627,,99,-1410,-1498
"2025-12-04 08:22:42",,-1492,-1428.12,,3.628,,99,-1410,-1499
"2025-12-04 08:22:44",,-1493,-1428.24,,3.629,,99,-1410,-1496
"2025-12-04 08:22:46",,-1490,-1428.35,,3.63,,99,-1410,-1496
"2025-12-04 08:22:48",,-1494,-1426.06,,3.63,,99,-1410,-1494
"2025-12-04 08:22:50",,-1492,-1431.12,,3.631,,99,-1410,-1494
"2025-12-04 08:22:52",,-1493,-1428.83,,3.632,,99,-1410,-1494
"2025-12-04 08:22:54",,-1493,-1428.95,,3.632,,99,-1410,-1493
"2025-12-04 08:22:56",,-1493,-1429.06,,3.633,,99,-1410,-1494
"2025-12-04 08:22:58",,-1493,-1429.18,,3.634,,99,-1410,-1493
"2025-12-04 08:23:00",,-1493,-1429.3,,3.634,,99,-1410,-1494
"2025-12-04 08:23:02",,-1493,-1428.21,,3.635,,99,-1410,-1495
"2025-12-04 08:23:04",,-1493,-1428.45,,3.636,,99,-1410,-1497
"2025-12-04 08:23:06",,-1493,-1428.45,,3.636,,99,-1410,-1498
"2025-12-04 08:23:08",,-1493,-1428.68,,3.637,,99,-1410,-1498
"2025-12-04 08:23:10",,-1490,-1427.59,,3.638,,99,-1410,-1498
"2025-12-04 08:23:12",,-1500,-1425.29,,3.638,,99,-1410,-1495
"2025-12-04 08:23:14",,-1493,-1435.08,,3.64,,99,-1410,-1503
"2025-12-04 08:23:16",,-1486,-1427.95,,3.641,,99,-1410,-1498
"2025-12-04 08:23:18",,-1490,-1422.02,,3.641,,99,-1410,-1489
"2025-12-04 08:23:20",,-1487,-1425.76,,3.642,,99,-1410,-1490
"2025-12-04 08:23:22",,-1487,-1424.79,,3.643,,99,-1410,-1489
"2025-12-04 08:23:24",,-1483,-1423.7,,3.643,,99,-1410,-1489
"2025-12-04 08:23:26",,-1477,-1418.98,,3.644,,99,-1410,-1483
"2025-12-04 08:23:28",,-1487,-1414.26,,3.644,,99,-1410,-1480
"2025-12-04 08:23:30",,-1486,-1424.05,,3.645,,99,-1410,-1487
"2025-12-04 08:23:32",,-1474,-1426.71,,3.646,,99,-1410,-1490
"2025-12-04 08:23:34",,-1470,-1409.88,,3.646,,99,-1410,-1478
"2025-12-04 08:23:36",,-1490,-1406.37,,3.647,,99,-1410,-1474
"2025-12-04 08:23:38",,-1476,-1427.06,,3.648,,99,-1410,-1490
"2025-12-04 08:23:40",,-1476,-1412.65,,3.648,,99,-1410,-1482
"2025-12-04 08:23:42",,-1487,-1406.72,,3.649,,99,-1410,-1476
"2025-12-04 08:23:44",,-1483,-1423.9,,3.649,,99,-1410,-1490
"2025-12-04 08:23:46",,-1478,-1417.96,,3.65,,99,-1410,-1488
"2025-12-04 08:23:48",,-1483,-1413.24,,3.651,,99,-1410,-1484
"2025-12-04 08:23:50",,-625,-1130.79,,3.65,,99.5,0,-742
"2025-12-04 08:23:52",,-625,13.25,,3.623,,99.5,0,-154
"2025-12-04 08:23:54",,-625,13.16,,3.606,,99.5,0,-21
"2025-12-04 08:23:56",,-625,13.13,,3.591,,99.5,0,-8
"2025-12-04 08:23:58",,-625,13.11,,3.579,,99.5,0,-6
"2025-12-04 08:24:00",,-625,13.09,,3.57,,99.5,0,-6
"2025-12-04 08:24:02",,-625,13.07,,3.562,,99.5,0,-6
"2025-12-04 08:24:04",,-625,13.06,,3.554,,99.5,0,-5
"2025-12-04 08:24:06",,-625,13.04,,3.547,,99.5,0,-4
"2025-12-04 08:24:08",,-625,13.04,,3.541,,99.5,0,-4
"2025-12-04 08:24:10",,-625,13.03,,3.536,,99.5,0,0
"2025-12-04 08:24:12",,-1212,0,,3.5,,99.5,0,0
"2025-12-04 08:24:14",,0,0,,,,99.5,0,0
"2025-12-04 08:24:16",,0,0,,,,99.5,0,0
"2025-12-04 08:24:18",,0,0,,,,99.5,0,0
"2025-12-04 08:24:20",,0,0,,,,99.5,0,0
"2025-12-04 08:24:22",,0,0,,,,99.5,0,0
"2025-12-04 08:24:24",,0,0,,,,99.5,0,0
"2025-12-04 08:24:26",,0,0,,,,99.5,0,0
"2025-12-04 08:24:28",,0,0,,,,99.5,0,0
"2025-12-04 08:24:30",,0,0,,,,99.5,0,0
"2025-12-04 08:24:32",,0,0,,,,99.5,0,0
"2025-12-04 08:24:34",,0,0,,,,99.5,0,0
"2025-12-04 08:24:36",,0,0,,,,99.5,0,0
"2025-12-04 08:24:38",,0,0,,,,99.5,0,0
"2025-12-04 08:24:40",,0,0,,,,99.5,0,0
"2025-12-04 08:24:42",,0,0,,,,99.5,0,0
"2025-12-04 08:24:44",,0,0,,,,99.5,0,0
"2025-12-04 08:24:46",,0,0,,,,99.5,0,0
"2025-12-04 08:24:48",,0,0,,,,99.5,0,0
"2025-12-04 08:24:50",,0,0,,,,99.5,0,0
"2025-12-04 08:24:52",,0,0,,,,99.5,0,0
"2025-12-04 08:24:54",,0,0,,,,99.5,0,0
"2025-12-04 08:24:56",,0,0,,,,99.5,0,0
"2025-12-04 08:24:58",,0,0,,,,99.5,0,0
"2025-12-04 08:25:00",,0,0,,,,99.5,0,0
"2025-12-04 08:25:02",,0,0,,,,99.5,0,0
"2025-12-04 08:25:04",,0,0,,,,99.5,0,0
"2025-12-04 08:25:06",,0,0,,,,99.5,0,0
"2025-12-04 08:25:08",,0,0,,,,99.5,0,0
"2025-12-04 08:25:10",,0,0,,,,99.5,0,0
"2025-12-04 08:25:12",,0,0,,,,99.5,0,0
"2025-12-04 08:25:14",,0,0,,,,99.5,0,0
"2025-12-04 08:25:16",,0,0,,3.447,,99.5,0,0
"2025-12-04 08:25:18",,0,0,,3.447,,99.5,0,0
"2025-12-04 08:25:20",,0,0,,3.446,,99.5,0,0
"2025-12-04 08:25:22",,0,0,,3.451,,99.5,0,0
"2025-12-04 08:25:24",,0,0,,3.45,,99.5,0,0
"2025-12-04 08:25:26",,0,0,,3.45,,99.5,0,0
"2025-12-04 08:25:28",,0,2.34,,3.449,,99.5,0,0
"2025-12-04 08:25:30",,0,3.51,,3.447,,99.5,0,0
"2025-12-04 08:25:32",,0,0,,3.446,,99.5,0,0
"2025-12-04 08:25:34",,0,4.68,,3.445,,99.5,0,0
"2025-12-04 08:25:36",,0,0,,3.442,,99.5,0,0
"2025-12-04 08:25:38",,0,7.02,,3.441,,99.5,0,0
"2025-12-04 08:25:40",,0,0,,3.439,,99.5,0,0
"2025-12-04 08:25:42",,0,0,,3.439,,99.5,0,0
"2025-12-04 08:25:44",,0,18.7,,3.437,,99.5,0,0
"2025-12-04 08:25:46",,-589,1.17,,3.437,,99.5,0,0
"2025-12-04 08:25:48",,-1214,-30.37,,3.437,,99.5,0,0
"2025-12-04 08:25:50",,-1232,2.34,,3.437,,99,0,0
"2025-12-04 08:25:52",,-1232,2.34,,3.436,,99,0,0
"2025-12-04 08:25:54",,-1232,2.34,,3.436,,99,0,0
"2025-12-04 08:25:56",,-1232,2.34,,3.435,,99,0,0
"2025-12-04 08:25:58",,-1232,2.33,,3.435,,99,0,0
"2025-12-04 08:26:00",,-1232,2.33,,3.434,,99,0,0
"2025-12-04 08:26:02",,-1232,2.33,,3.434,,99,0,0
"2025-12-04 08:26:04",,-1232,2.33,,3.433,,99,0,0
"2025-12-04 08:26:06",,-1232,2.33,,3.432,,99,0,0
"2025-12-04 08:26:08",,-1232,2.33,,3.432,,99,0,0
"2025-12-04 08:26:10",,-1232,2.33,,3.432,,99,0,0
"2025-12-04 08:26:12",,-1232,2.33,,3.432,,99,0,0
"2025-12-04 08:26:14",,-1232,2.33,,3.431,,99,0,0
"2025-12-04 08:26:16",,-1231,2.33,,3.43,,99,0,0
"2025-12-04 08:26:18",,-1231,1.17,,3.43,,99,0,0
"2025-12-04 08:26:20",,-1231,1.17,,3.43,,99,0,0
"2025-12-04 08:26:22",,-1231,2.33,,3.429,,99,0,0
"2025-12-04 08:26:24",,-1231,2.33,,3.429,,99,0,0
"2025-12-04 08:26:26",,-1231,2.33,,3.428,,99,0,0
"2025-12-04 08:26:28",,-1231,2.33,,3.428,,99,0,0
"2025-12-04 08:26:30",,-1231,2.33,,3.428,,99,0,0
"2025-12-04 08:26:32",,-1231,2.33,,3.427,,99,0,0
"2025-12-04 08:26:34",,-1231,2.33,,3.427,,99,0,0
"2025-12-04 08:26:36",,-1231,2.33,,3.426,,99,0,0
"2025-12-04 08:26:38",,-1231,2.33,,3.426,,99,0,0
"2025-12-04 08:26:40",,-1231,2.33,,3.426,,99,0,0
"2025-12-04 08:26:42",,-1231,2.33,,3.425,,99,0,0
"2025-12-04 08:26:44",,-1231,2.33,,3.425,,99,0,0
"2025-12-04 08:26:46",,-1231,2.33,,3.424,,99,0,0
"2025-12-04 08:26:48",,-1231,2.33,,3.424,,99,0,0
"2025-12-04 08:26:50",,-1231,2.33,,3.424,,99,0,0
"2025-12-04 08:26:52",,-1230,2.33,,3.424,,99,0,0
"2025-12-04 08:26:54",,-1230,2.33,,3.424,,99,0,0
"2025-12-04 08:26:56",,-1230,2.33,,3.423,,99,0,0
"2025-12-04 08:26:58",,-1230,2.33,,3.423,,99,0,0
"2025-12-04 08:27:00",,-1230,2.33,,3.423,,99,0,0
"2025-12-04 08:27:02",,-1230,2.33,,3.422,,99,0,0
"2025-12-04 08:27:04",,-1230,2.33,,3.422,,99,0,0
"2025-12-04 08:27:06",,-1230,2.33,,3.421,,99,0,0
"2025-12-04 08:27:08",,-1230,2.33,,3.421,,99,0,0
"2025-12-04 08:27:10",,-1230,2.33,,3.421,,99,0,0
"2025-12-04 08:27:12",,-1230,2.33,,3.421,,99,0,0
"2025-12-04 08:27:14",,-1230,2.33,,3.421,,99,0,0
"2025-12-04 08:27:16",,-1230,2.33,,3.42,,99,0,0
"2025-12-04 08:27:18",,-1230,2.33,,3.419,,99,0,0
"2025-12-04 08:27:20",,-1230,2.33,,3.419,,99,0,0
"2025-12-04 08:27:22",,-1230,2.33,,3.419,,99,0,0
"2025-12-04 08:27:24",,-1230,2.33,,3.418,,99,0,0
"2025-12-04 08:27:26",,-1230,2.33,,3.418,,99,0,0
"2025-12-04 08:27:28",,-1230,2.33,,3.418,,99,0,0
"2025-12-04 08:27:30",,-1230,2.33,,3.418,,99,0,0
"2025-12-04 08:27:32",,-1230,2.33,,3.417,,99,0,0
"2025-12-04 08:27:34",,-1230,2.33,,3.417,,99,0,0
"2025-12-04 08:27:36",,-1230,2.33,,3.417,,99,0,0
"2025-12-04 08:27:38",,-1229,2.32,,3.417,,99,0,0
"2025-12-04 08:27:40",,-1229,2.32,,3.416,,99,0,0
"2025-12-04 08:27:42",,-1229,2.32,,3.416,,99,0,0
"2025-12-04 08:27:44",,-1229,2.32,,3.416,,99,0,0
"2025-12-04 08:27:46",,-1229,2.32,,3.416,,99,0,0
"2025-12-04 08:27:48",,-1229,2.32,,3.416,,99,0,0
"2025-12-04 08:27:50",,-1229,2.32,,3.415,,99,0,0
"2025-12-04 08:27:52",,-1229,2.32,,3.415,,99,0,0
"2025-12-04 08:27:54",,-1229,2.32,,3.415,,99,0,0
"2025-12-04 08:27:56",,-1229,2.32,,3.415,,99,0,0
"2025-12-04 08:27:58",,-1229,2.32,,3.414,,99,0,0
"2025-12-04 08:28:00",,-1229,2.32,,3.414,,99,0,0
"2025-12-04 08:28:02",,-1229,2.32,,3.414,,99,0,0
"2025-12-04 08:28:04",,-1229,2.32,,3.414,,99,0,0
"2025-12-04 08:28:06",,-1229,2.32,,3.414,,99,0,0
"2025-12-04 08:28:08",,-1229,2.32,,3.413,,99,0,0
"2025-12-04 08:28:10",,-1229,2.32,,3.413,,99,0,0
"2025-12-04 08:28:12",,-1229,2.32,,3.413,,99,0,0
"2025-12-04 08:28:14",,-1229,2.32,,3.413,,99,0,0
"2025-12-04 08:28:16",,-1229,2.32,,3.412,,99,0,0
"2025-12-04 08:28:18",,-1229,2.32,,3.412,,99,0,0
"2025-12-04 08:28:20",,-1229,2.32,,3.412,,99,0,0
"2025-12-04 08:28:22",,-1229,2.32,,3.412,,99,0,0
"2025-12-04 08:28:24",,-1229,2.32,,3.411,,99,0,0
"2025-12-04 08:28:26",,-1229,2.32,,3.411,,99,0,0
"2025-12-04 08:28:28",,-1229,2.32,,3.411,,99,0,0
"2025-12-04 08:28:30",,-1229,2.32,,3.411,,99,0,0
"2025-12-04 08:28:32",,-1229,2.32,,3.41,,99,0,0
"2025-12-04 08:28:34",,-1228,2.32,,3.41,,99,0,0
"2025-12-04 08:28:36",,-1228,2.32,,3.41,,99,0,0
"2025-12-04 08:28:38",,-1228,2.32,,3.41,,99,0,0
"2025-12-04 08:28:40",,-1228,2.32,,3.41,,99,0,0
"2025-12-04 08:28:42",,-1228,2.32,,3.409,,99,0,0
"2025-12-04 08:28:44",,-1228,2.32,,3.41,,99,0,0
"2025-12-04 08:28:46",,-1228,2.32,,3.409,,99,0,0
"2025-12-04 08:28:48",,-1228,2.32,,3.409,,99,0,0
"2025-12-04 08:28:50",,-1228,2.32,,3.409,,99,0,0
"2025-12-04 08:28:52",,-1228,2.32,,3.408,,99,0,0
"2025-12-04 08:28:54",,-1228,2.32,,3.408,,99,0,0
"2025-12-04 08:28:56",,-1228,2.32,,3.408,,99,0,0
"2025-12-04 08:28:58",,-1228,2.32,,3.408,,99,0,0
"2025-12-04 08:29:00",,-1228,2.32,,3.408,,99,0,0
"2025-12-04 08:29:02",,-1228,2.32,,3.408,,99,0,0
"2025-12-04 08:29:04",,-1228,2.32,,3.407,,99,0,0
"2025-12-04 08:29:06",,-1228,2.32,,3.407,,99,0,0
"2025-12-04 08:29:08",,-1228,2.32,,3.407,,99,0,0
"2025-12-04 08:29:10",,-1228,2.32,,3.407,,99,0,0
"2025-12-04 08:29:12",,-1228,2.32,,3.407,,99,0,0
"2025-12-04 08:29:14",,-1228,2.32,,3.407,,99,0,0
"2025-12-04 08:29:16",,-1228,2.32,,3.406,,99,0,0
"2025-12-04 08:29:18",,-1228,2.32,,3.406,,99,0,0
"2025-12-04 08:29:20",,-1228,2.32,,3.406,,99,0,0
"2025-12-04 08:29:22",,-1228,2.32,,3.406,,99,0,0
"2025-12-04 08:29:24",,-1228,2.32,,3.406,,99,0,0
"2025-12-04 08:29:26",,-1228,2.32,,3.406,,99,0,0
"2025-12-04 08:29:28",,-1228,2.32,,3.406,,99,0,0
"2025-12-04 08:29:30",,-1228,2.32,,3.405,,99,0,0
"2025-12-04 08:29:32",,-1228,2.32,,3.405,,99,0,0
"2025-12-04 08:29:34",,-1228,2.32,,3.405,,99,0,0
"2025-12-04 08:29:36",,-1228,2.32,,3.405,,99,0,0
"2025-12-04 08:29:38",,-1228,2.32,,3.405,,99,0,0
"2025-12-04 08:29:40",,-1228,2.32,,3.404,,99,0,0
"2025-12-04 08:29:42",,-1228,2.32,,3.404,,99,0,0
"2025-12-04 08:29:44",,-1227,2.32,,3.405,,99,0,0
"2025-12-04 08:29:46",,-1227,2.32,,3.404,,99,0,0
"2025-12-04 08:29:48",,-1227,2.32,,3.404,,99,0,0
"2025-12-04 08:29:50",,-1227,2.32,,3.404,,99,0,0
"2025-12-04 08:29:52",,-1227,2.32,,3.403,,99,0,0
"2025-12-04 08:29:54",,-1227,2.32,,3.403,,99,0,0
"2025-12-04 08:29:56",,-1227,2.32,,3.403,,99,0,0
"2025-12-04 08:29:58",,-1227,2.32,,3.403,,99,0,0
"2025-12-04 08:30:00",,-1227,2.32,,3.403,,99,0,0
"2025-12-04 08:30:02",,-1227,2.32,,3.403,,99,0,0
"2025-12-04 08:30:04",,-1227,2.32,,3.402,,99,0,0
"2025-12-04 08:30:06",,-1227,2.32,,3.403,,99,0,0
"2025-12-04 08:30:08",,-1227,2.32,,3.402,,99,0,0
"2025-12-04 08:30:10",,-1227,2.32,,3.402,,99,0,0
"2025-12-04 08:30:12",,-1227,2.32,,3.402,,99,0,0
"2025-12-04 08:30:14",,-1227,2.32,,3.402,,99,0,0
"2025-12-04 08:30:16",,-1227,2.32,,3.402,,99,0,0
"2025-12-04 08:30:18",,-1227,2.32,,3.402,,99,0,0
"2025-12-04 08:30:20",,-1227,2.32,,3.401,,99,0,0
"2025-12-04 08:30:22",,-1227,2.32,,3.402,,99,0,0
"2025-12-04 08:30:24",,-1227,2.32,,3.401,,99,0,0
"2025-12-04 08:30:26",,-1227,2.32,,3.401,,99,0,0
"2025-12-04 08:30:28",,-1227,2.32,,3.401,,99,0,0
"2025-12-04 08:30:30",,-1227,2.32,,3.401,,99,0,0
"2025-12-04 08:30:32",,-1227,2.32,,3.4,,99,0,0
"2025-12-04 08:30:34",,-1227,2.32,,3.401,,99,0,0
"2025-12-04 08:30:36",,-1227,2.31,,3.4,,99,0,0
"2025-12-04 08:30:38",,-1227,2.31,,3.4,,99,0,0
"2025-12-04 08:30:40",,-1227,2.31,,3.4,,99,0,0
"2025-12-04 08:30:42",,-1227,2.31,,3.4,,99,0,0
"2025-12-04 08:30:44",,-1227,2.31,,3.4,,99,0,0
"2025-12-04 08:30:46",,-1227,2.31,,3.4,,99,0,0
"2025-12-04 08:30:48",,-1227,2.31,,3.4,,99,0,0
"2025-12-04 08:30:50",,-1227,2.31,,3.399,,99,0,0
"2025-12-04 08:30:52",,-1227,2.31,,3.399,,99,0,0
"2025-12-04 08:30:54",,-1227,2.31,,3.399,,99,0,0
"2025-12-04 08:30:56",,-1227,2.31,,3.399,,99,0,0
"2025-12-04 08:30:58",,-1227,2.31,,3.399,,99,0,0
"2025-12-04 08:31:00",,-1227,2.31,,3.399,,99,0,0
"2025-12-04 08:31:02",,-1227,2.31,,3.398,,99,0,0
"2025-12-04 08:31:04",,-1227,2.31,,3.399,,99,0,0
"2025-12-04 08:31:06",,-1227,2.31,,3.399,,99,0,0
"2025-12-04 08:31:08",,-1227,2.31,,3.398,,99,0,0
"2025-12-04 08:31:10",,-1227,2.31,,3.398,,99,0,0
"2025-12-04 08:31:12",,-1227,2.31,,3.398,,99,0,0
"2025-12-04 08:31:14",,-1227,2.31,,3.398,,99,0,0
"2025-12-04 08:31:16",,-1226,2.31,,3.398,,99,0,0
"2025-12-04 08:31:18",,-1226,2.31,,3.398,,99,0,0
"2025-12-04 08:31:20",,-1226,2.31,,3.398,,99,0,0
"2025-12-04 08:31:22",,-1226,2.31,,3.398,,99,0,0
"2025-12-04 08:31:24",,-1226,2.31,,3.397,,99,0,-17
"2025-12-04 08:31:26",,-1226,13.88,,3.397,,99,0,-7
"2025-12-04 08:31:28",,-1226,13.88,,3.397,,99,0,-5
"2025-12-04 08:31:30",,-1226,13.88,,3.397,,99,0,-5
"2025-12-04 08:31:32",,-1226,13.88,,3.396,,99,0,-5
"2025-12-04 08:31:34",,-1226,12.72,,3.396,,99,0,-4
"2025-12-04 08:31:36",,-1226,12.72,,3.396,,99,0,-5
"2025-12-04 08:31:38",,-1226,12.72,,3.396,,99,0,-5
"2025-12-04 08:31:40",,-1226,12.72,,3.396,,99,0,-5
"2025-12-04 08:31:42",,-1226,12.72,,3.396,,99,0,-6
"2025-12-04 08:31:44",,-1226,12.72,,3.395,,99,0,-6
"2025-12-04 08:31:46",,-1226,12.72,,3.395,,99,0,-6
"2025-12-04 08:31:48",,-1226,12.72,,3.395,,99,0,-7
"2025-12-04 08:31:50",,-1226,11.56,,3.395,,99,0,-6
"2025-12-04 08:31:52",,-1226,12.71,,3.395,,99,0,-7
"2025-12-04 08:31:54",,-1226,12.71,,3.395,,99,0,-7
"2025-12-04 08:31:56",,-1226,12.71,,3.395,,99,0,-6
"2025-12-04 08:31:58",,-1226,13.87,,3.395,,99,0,-7
"2025-12-04 08:32:00",,-1226,13.87,,3.395,,99,0,-7
"2025-12-04 08:32:02",,-1226,13.87,,3.395,,99,0,-6
"2025-12-04 08:32:04",,-1226,12.71,,3.395,,99,0,-7
"2025-12-04 08:32:06",,-1226,12.71,,3.394,,99,0,-6
"2025-12-04 08:32:08",,-1226,12.71,,3.394,,99,0,-6
"2025-12-04 08:32:10",,-1226,12.71,,3.394,,99,0,-7
"2025-12-04 08:32:12",,-1226,13.87,,3.394,,99,0,-6
"2025-12-04 08:32:14",,-1226,13.87,,3.394,,99,0,-7
"2025-12-04 08:32:16",,-1226,13.87,,3.394,,99,0,-6
"2025-12-04 08:32:18",,-1226,13.87,,3.393,,99,0,-7
"2025-12-04 08:32:20",,-1226,13.86,,3.393,,99,0,-6
"2025-12-04 08:32:22",,-1226,13.86,,3.393,,99,0,-6
"2025-12-04 08:32:24",,-1226,12.71,,3.393,,99,0,-6
"2025-12-04 08:32:26",,-1226,13.86,,3.393,,99,0,-6
"2025-12-04 08:32:28",,-1226,13.86,,3.393,,99,0,-6
"2025-12-04 08:32:30",,-1226,12.71,,3.393,,99,0,-7
"2025-12-04 08:32:32",,-1226,13.86,,3.393,,99,0,-6
"2025-12-04 08:32:34",,-1226,12.71,,3.392,,99,0,-6
"2025-12-04 08:32:36",,-1226,13.86,,3.392,,99,0,-7
"2025-12-04 08:32:38",,-1226,13.86,,3.393,,99,0,-6
"2025-12-04 08:32:40",,-1226,13.86,,3.392,,99,0,-6
"2025-12-04 08:32:42",,-1226,13.86,,3.392,,99,0,-5
"2025-12-04 08:32:44",,-1226,13.86,,3.392,,99,0,-5
"2025-12-04 08:32:46",,-1226,12.71,,3.392,,99,0,-5
"2025-12-04 08:32:48",,-1226,13.86,,3.392,,99,0,-4
"2025-12-04 08:32:50",,-1226,13.86,,3.392,,99,0,-4
"2025-12-04 08:32:52",,-1226,12.7,,3.392,,99,0,-4
"2025-12-04 08:32:54",,-1226,13.86,,3.391,,99,0,-3
"2025-12-04 08:32:56",,-1226,13.86,,3.391,,99,0,-4
"2025-12-04 08:32:58",,-1225,13.86,,3.391,,99,0,-4
"2025-12-04 08:33:00",,-1225,11.55,,3.391,,99,0,-5
"2025-12-04 08:33:02",,-1225,13.86,,3.391,,99,0,-5
"2025-12-04 08:33:04",,-1225,12.7,,3.391,,99,0,-5
"2025-12-04 08:33:06",,-1225,12.7,,3.391,,99,0,-5
"2025-12-04 08:33:08",,-1225,13.86,,3.391,,99,0,-6
"2025-12-04 08:33:10",,-1225,12.7,,3.391,,99,0,-6
"2025-12-04 08:33:12",,-1225,12.7,,3.391,,99,0,-6
"2025-12-04 08:33:14",,-1225,13.86,,3.391,,99,0,-6
"2025-12-04 08:33:16",,-1225,12.7,,3.391,,99,-500,-229
"2025-12-04 08:33:18",,-1227,-465.03,,3.405,,99,-500,-469
"2025-12-04 08:33:20",,-1228,-464.72,,3.406,,99,-500,-495
"2025-12-04 08:33:22",,-1228,-463.72,,3.408,,99,-500,-500
"2025-12-04 08:33:24",,-1228,-463.88,,3.409,,99,-500,-500
"2025-12-04 08:33:26",,-1228,-464.04,,3.41,,99,-500,-500
"2025-12-04 08:33:28",,-1228,-464.16,,3.411,,99,-500,-499
"2025-12-04 08:33:30",,-1229,-464.24,,3.412,,99,-500,-498
"2025-12-04 08:33:32",,-1229,-464.32,,3.413,,99,-500,-497
"2025-12-04 08:33:34",,-1229,-464.44,,3.414,,99,-500,-497
"2025-12-04 08:33:36",,-1229,-464.56,,3.414,,99,-500,-498
"2025-12-04 08:33:38",,-1229,-737.62,,3.425,,99,-940,-844
"2025-12-04 08:33:40",,-1231,-891.53,,3.432,,99,-940,-923
"2025-12-04 08:33:42",,-1231,-892.07,,3.434,,99,-940,-940
"2025-12-04 08:33:44",,-1232,-892.53,,3.436,,99,-940,-941
"2025-12-04 08:33:46",,-1232,-891.97,,3.439,,99,-940,-941
"2025-12-04 08:33:48",,-1232,-892.35,,3.441,,99,-940,-941
"2025-12-04 08:33:50",,-1233,-891.57,,3.443,,99,-940,-941
"2025-12-04 08:33:52",,-1233,-893.04,,3.446,,99,-940,-942
"2025-12-04 08:33:54",,-1233,-892.25,,3.447,,99,-940,-940
"2025-12-04 08:33:56",,-1233,-892.63,,3.45,,99,-940,-940
"2025-12-04 08:33:58",,-1234,-893.02,,3.452,,99,-940,-942
"2025-12-04 08:34:00",,-1234,-890.98,,3.456,,99,-940,-941
"2025-12-04 08:34:02",,-1234,-891.28,,3.457,,99,-940,-941
"2025-12-04 08:34:04",,-1234,-891.66,,3.46,,99,-940,-940
"2025-12-04 08:34:06",,-1234,-891.97,,3.462,,99,-940,-940
"2025-12-04 08:34:08",,-1235,-892.58,,3.465,,99,-940,-941
"2025-12-04 08:34:10",,-1235,-893.03,,3.468,,99,-940,-942
"2025-12-04 08:34:12",,-1235,-893.34,,3.469,,99,-940,-941
"2025-12-04 08:34:14",,-1235,-892.54,,3.472,,99,-940,-941
"2025-12-04 08:34:16",,-1236,-892.77,,3.474,,99,-940,-942
"2025-12-04 08:34:18",,-1236,-892.2,,3.476,,99,-940,-943
"2025-12-04 08:34:20",,-1236,-892.58,,3.479,,99,-940,-943
"2025-12-04 08:34:22",,-1236,-892.89,,3.481,,99,-940,-943
"2025-12-04 08:34:24",,-1236,-893.27,,3.484,,99,-940,-943
"2025-12-04 08:34:26",,-1237,-893.65,,3.486,,99,-940,-943
"2025-12-04 08:34:28",,-1237,-894.1,,3.488,,99,-940,-943
"2025-12-04 08:34:30",,-1237,-893.3,,3.49,,99,-940,-941
"2025-12-04 08:34:32",,-1237,-892.35,,3.492,,99,-940,-940
"2025-12-04 08:34:34",,-1237,-891.55,,3.494,,99,-940,-941
"2025-12-04 08:34:36",,-1238,-891.85,,3.497,,99,-940,-942
"2025-12-04 08:34:38",,-1238,-893.49,,3.499,,99,-940,-943
"2025-12-04 08:34:40",,-1238,-892.68,,3.501,,99,-940,-943
"2025-12-04 08:34:42",,-1238,-891.73,,3.503,,99,-940,-944
"2025-12-04 08:34:44",,-1238,-893.21,,3.505,,99,-940,-944
"2025-12-04 08:34:46",,-1238,-893.59,,3.507,,99,-940,-943
"2025-12-04 08:34:48",,-1239,-893.97,,3.508,,99,-940,-944
"2025-12-04 08:34:50",,-1239,-891.91,,3.511,,99,-940,-943
"2025-12-04 08:34:52",,-1239,-892.13,,3.512,,99,-940,-943
"2025-12-04 08:34:54",,-1239,-892.43,,3.515,,99,-940,-942
"2025-12-04 08:34:56",,-1240,-892.74,,3.517,,99,-940,-943
"2025-12-04 08:34:58",,-1240,-893.19,,3.519,,99,-940,-944
"2025-12-04 08:35:00",,-1240,-891.12,,3.521,,99,-940,-943
"2025-12-04 08:35:02",,-1240,-893.72,,3.523,,99,-940,-944
"2025-12-04 08:35:04",,-1240,-894.02,,3.526,,99,-940,-944
"2025-12-04 08:35:06",,-1240,-894.24,,3.527,,99,-940,-944
"2025-12-04 08:35:08",,-1241,-894.62,,3.529,,99,-940,-945
"2025-12-04 08:35:10",,-1241,-894.92,,3.53,,99,-940,-943
"2025-12-04 08:35:12",,-1241,-892.77,,3.533,,99,-940,-942
"2025-12-04 08:35:14",,-1241,-894.26,,3.535,,99,-940,-943
"2025-12-04 08:35:16",,-1241,-893.38,,3.536,,99,-940,-942
"2025-12-04 08:35:18",,-1242,-893.68,,3.538,,99,-940,-942
"2025-12-04 08:35:20",,-1242,-892.79,,3.54,,99,-940,-940
"2025-12-04 08:35:22",,-1242,-893.01,,3.542,,99,-940,-940
"2025-12-04 08:35:24",,-1242,-893.24,,3.543,,99,-940,-941
"2025-12-04 08:35:26",,-1242,-893.46,,3.545,,99,-940,-941
"2025-12-04 08:35:28",,-1242,-893.77,,3.547,,99,-940,-940
"2025-12-04 08:35:30",,-1243,-892.73,,3.548,,99,-940,-940
"2025-12-04 08:35:32",,-1243,-893.1,,3.55,,99,-940,-941
"2025-12-04 08:35:34",,-1243,-893.32,,3.551,,99,-940,-940
"2025-12-04 08:35:36",,-1243,-893.55,,3.553,,99,-940,-940
"2025-12-04 08:35:38",,-1243,-892.58,,3.554,,99,-940,-939
"2025-12-04 08:35:40",,-1243,-892.88,,3.556,,99,-940,-939
"2025-12-04 08:35:42",,-1244,-893.18,,3.557,,99,-940,-940
"2025-12-04 08:35:44",,-1244,-893.33,,3.559,,99,-940,-940
"2025-12-04 08:35:46",,-1244,-894.75,,3.561,,99,-940,-941
"2025-12-04 08:35:48",,-1244,-892.59,,3.562,,99,-940,-940
"2025-12-04 08:35:50",,-1244,-894.08,,3.563,,99,-940,-940
"2025-12-04 08:35:52",,-1245,-894.31,,3.565,,99,-940,-940
"2025-12-04 08:35:54",,-1245,-893.26,,3.566,,99,-940,-941
"2025-12-04 08:35:56",,-1245,-893.49,,3.567,,99,-940,-941
"2025-12-04 08:35:58",,-1245,-894.91,,3.569,,99,-940,-941
"2025-12-04 08:36:00",,-1245,-894.01,,3.57,,99,-940,-941
"2025-12-04 08:36:02",,-1245,-894.23,,3.571,,99,-940,-941
"2025-12-04 08:36:04",,-1245,-893.19,,3.572,,99,-940,-939
"2025-12-04 08:36:06",,-1246,-894.61,,3.574,,99,-940,-940
"2025-12-04 08:36:08",,-1246,-892.37,,3.575,,99,-940,-939
"2025-12-04 08:36:10",,-1246,-892.66,,3.576,,99,-940,-940
"2025-12-04 08:36:12",,-1246,-892.81,,3.578,,99,-940,-939
"2025-12-04 08:36:14",,-1246,-892.96,,3.579,,99,-940,-939
"2025-12-04 08:36:16",,-1246,-893.19,,3.58,,99,-940,-939
"2025-12-04 08:36:18",,-1247,-893.34,,3.581,,99,-940,-939
"2025-12-04 08:36:20",,-1247,-893.63,,3.582,,99,-940,-940
"2025-12-04 08:36:22",,-1247,-893.78,,3.584,,99,-940,-940
"2025-12-04 08:36:24",,-1247,-892.73,,3.585,,99,-940,-939
"2025-12-04 08:36:26",,-1247,-894.16,,3.586,,99,-940,-940
"2025-12-04 08:36:28",,-1247,-894.3,,3.587,,99,-940,-939
"2025-12-04 08:36:30",,-1247,-894.45,,3.587,,99,-940,-940
"2025-12-04 08:36:32",,-1248,-894.75,,3.588,,99,-940,-941
"2025-12-04 08:36:34",,-1248,-894.9,,3.59,,99,-940,-941
"2025-12-04 08:36:36",,-1248,-895.05,,3.591,,99,-940,-941
"2025-12-04 08:36:38",,-1248,-894.07,,3.592,,99,-940,-941
"2025-12-04 08:36:40",,-1248,-894.22,,3.593,,99,-940,-943
"2025-12-04 08:36:42",,-1248,-894.45,,3.594,,99,-940,-944
"2025-12-04 08:36:44",,-1248,-893.4,,3.595,,99,-940,-943
"2025-12-04 08:36:46",,-1248,-893.54,,3.596,,99,-940,-944
"2025-12-04 08:36:48",,-1249,-893.69,,3.597,,99,-940,-943
"2025-12-04 08:36:50",,-1249,-893.84,,3.598,,99,-940,-943
"2025-12-04 08:36:52",,-1249,-892.86,,3.598,,99,-940,-942
"2025-12-04 08:36:54",,-1249,-893.01,,3.6,,99,-940,-942
"2025-12-04 08:36:56",,-1249,-893.16,,3.601,,99,-940,-942
"2025-12-04 08:36:58",,-1249,-893.31,,3.602,,99,-940,-941
"2025-12-04 08:37:00",,-1249,-892.25,,3.602,,99,-940,-940
"2025-12-04 08:37:02",,-1250,-892.48,,3.603,,99,-940,-940
"2025-12-04 08:37:04",,-1250,-892.63,,3.605,,99,-940,-941
"2025-12-04 08:37:06",,-1250,-893.98,,3.605,,99,-940,-942
"2025-12-04 08:37:08",,-1250,-894.13,,3.606,,99,-940,-941
"2025-12-04 08:37:10",,-1250,-891.87,,3.607,,99,-940,-940
"2025-12-04 08:37:12",,-1250,-894.5,,3.608,,99,-940,-942
"2025-12-04 08:37:14",,-1250,-894.65,,3.609,,99,-940,-940
"2025-12-04 08:37:16",,-1250,-894.72,,3.609,,99,-940,-940
"2025-12-04 08:37:18",,-1250,-894.87,,3.61,,99,-940,-941
"2025-12-04 08:37:20",,-1250,-895.02,,3.611,,99,-940,-941
"2025-12-04 08:37:22",,-1250,-892.76,,3.612,,99,-940,-940
"2025-12-04 08:37:24",,-1250,-892.9,,3.613,,99,-940,-941
"2025-12-04 08:37:26",,-1250,-894.18,,3.613,,99,-940,-942
"2025-12-04 08:37:28",,-1250,-893.2,,3.615,,99,-940,-942
"2025-12-04 08:37:30",,-1250,-893.28,,3.615,,99,-940,-943
"2025-12-04 08:37:32",,-1250,-893.35,,3.615,,99,-940,-943
"2025-12-04 08:37:34",,-1250,-893.57,,3.616,,99,-940,-943
"2025-12-04 08:37:36",,-1250,-893.72,,3.617,,99,-940,-944
"2025-12-04 08:37:38",,-1250,-893.79,,3.617,,99,-940,-943
"2025-12-04 08:37:40",,-1250,-893.94,,3.618,,99,-940,-943
"2025-12-04 08:37:42",,-1250,-894.09,,3.619,,99,-940,-943
"2025-12-04 08:37:44",,-1250,-894.24,,3.621,,99,-940,-943
"2025-12-04 08:37:46",,-1250,-894.39,,3.621,,99,-940,-941
"2025-12-04 08:37:48",,-1250,-894.46,,3.623,,99,-940,-941
"2025-12-04 08:37:50",,-1250,-892.19,,3.623,,99,-940,-941
"2025-12-04 08:37:52",,-1250,-893.55,,3.625,,99,-940,-942
"2025-12-04 08:37:54",,-1250,-893.7,,3.626,,99,-940,-941
"2025-12-04 08:37:56",,-1250,-892.56,,3.627,,99,-940,-942
"2025-12-04 08:37:58",,-1250,-892.71,,3.627,,99,-940,-940
"2025-12-04 08:38:00",,-1250,-892.79,,3.629,,99,-940,-940
"2025-12-04 08:38:02",,-1250,-892.93,,3.63,,99,-940,-940
"2025-12-04 08:38:04",,-1250,-893.08,,3.631,,99,-940,-940
"2025-12-04 08:38:06",,-1250,-893.23,,3.632,,99,-940,-940
"2025-12-04 08:38:08",,-1250,-893.3,,3.633,,99,-940,-942
"2025-12-04 08:38:10",,-1250,-893.45,,3.634,,99,-940,-940
"2025-12-04 08:38:12",,-1250,-893.6,,3.635,,99,-940,-942
"2025-12-04 08:38:14",,-1250,-892.54,,3.636,,99,-940,-942
"2025-12-04 08:38:16",,-1250,-893.82,,3.637,,99,-940,-943
"2025-12-04 08:38:18",,-1250,-893.97,,3.638,,99,-940,-944
"2025-12-04 08:38:20",,-1250,-894.04,,3.64,,99,-940,-944
"2025-12-04 08:38:22",,-1250,-892.98,,3.641,,99,-940,-943
"2025-12-04 08:38:24",,-625,-894.34,,3.641,,99.5,-940,-908
"2025-12-04 08:38:26",,-625,-590.29,,3.655,,99.5,-940,-663
"2025-12-04 08:38:28",,-625,-588.84,,3.661,,99.5,-940,-631
"2025-12-04 08:38:30",,-625,-589.57,,3.667,,99.5,-940,-629
"2025-12-04 08:38:32",,-256,-588.93,,3.672,,100,-940,-523
"2025-12-04 08:38:34",,0,-6.07,,3.638,,100,-940,-75
"2025-12-04 08:38:36",,0,13.25,,3.62,,100,0,-12
"2025-12-04 08:38:38",,0,12.01,,3.599,,100,0,-5
"2025-12-04 08:38:40",,0,13.17,,3.585,,100,0,-4
"2025-12-04 08:38:42",,0,11.94,,3.573,,100,0,-4
"2025-12-04 08:38:44",,0,11.92,,3.564,,100,0,-4
"2025-12-04 08:38:46",,0,11.9,,3.553,,100,0,-4
"2025-12-04 08:38:48",,0,11.89,,3.546,,100,0,-4
"2025-12-04 08:38:50",,0,11.88,,3.543,,100,0,-4
"2025-12-04 08:38:52",,0,11.87,,3.533,,100,0,-5
"2025-12-04 08:38:54",,0,11.86,,3.531,,100,0,-5
"2025-12-04 08:38:56",,0,11.85,,3.526,,100,0,0
"2025-12-04 08:38:58",,0,0,,3.522,,100,0,0
"2025-12-04 08:39:00",,0,0,,,,100,0,0
"2025-12-04 08:39:02",,0,0,,,,100,0,0
"2025-12-04 08:39:04",,0,0,,,,100,0,0
"2025-12-04 08:39:06",,0,0,,,,100,0,0
"2025-12-04 08:39:08",,0,0,,,,100,0,0
"2025-12-04 08:39:10",,0,0,,,,100,0,0
"2025-12-04 08:39:12",,0,0,,,,100,0,0
"2025-12-04 08:39:14",,0,0,,,,100,0,0
"2025-12-04 08:39:16",,0,0,,,,100,0,0
"2025-12-04 08:39:18",,0,0,,,,100,0,0
"2025-12-04 08:39:20",,0,0,,,,100,0,0
"2025-12-04 08:39:22",,0,0,,,,100,0,0
"2025-12-04 08:39:24",,0,0,,,,100,0,0
"2025-12-04 08:39:26",,0,0,,,,100,0,0
"2025-12-04 08:39:28",,0,0,,,,100,0,0
"2025-12-04 08:39:30",,0,0,,,,100,0,0
"2025-12-04 08:39:32",,0,0,,,,100,0,0
"2025-12-04 08:39:34",,0,0,,,,100,0,0
"2025-12-04 08:39:36",,0,0,,,,100,0,0
"2025-12-04 08:39:38",,0,0,,,,100,0,0
"2025-12-04 08:39:40",,0,0,,,,100,0,0
"2025-12-04 08:39:42",,0,0,,,,100,0,0
"2025-12-04 08:39:44",,0,0,,,,100,0,0
"2025-12-04 08:39:46",,0,0,,,,100,0,0
"2025-12-04 08:39:48",,0,0,,,,100,0,0
"2025-12-04 08:39:50",,0,0,,,,100,0,0
"2025-12-04 08:39:52",,0,0,,,,100,0,0
"2025-12-04 08:39:54",,0,0,,,,100,0,0
"2025-12-04 08:39:56",,0,0,,,,100,0,0
"2025-12-04 08:39:58",,0,0,,,,100,0,0
"2025-12-04 08:40:00",,0,0,,,,100,0,0
"2025-12-04 08:40:02",,0,0,,,,100,0,0
"2025-12-04 08:40:04",,0,0,,,,100,0,0
"2025-12-04 08:40:06",,0,0,,,,100,0,0
"2025-12-04 08:40:08",,0,0,,,,100,0,0
"2025-12-04 08:40:10",,0,0,,,,100,0,0
"2025-12-04 08:40:12",,0,0,,,,100,0,0
"2025-12-04 08:40:14",,0,0,,,,100,0,0
"2025-12-04 08:40:16",,0,0,,,,100,0,0
"2025-12-04 08:40:18",,0,0,,,,100,0,0
"2025-12-04 08:40:20",,0,0,,,,100,0,0
"2025-12-04 08:40:22",,0,0,,,,100,0,0
"2025-12-04 08:40:24",,0,0,,,,100,0,0
"2025-12-04 08:40:26",,0,0,,,,100,0,0
"2025-12-04 08:40:28",,0,0,,,,100,0,0
"2025-12-04 08:40:30",,0,0,,,,100,0,0
"2025-12-04 08:40:32",,0,0,,,,100,0,0
"2025-12-04 08:40:34",,0,0,,,,100,0,0
"2025-12-04 08:40:36",,0,0,,,,100,0,0
"2025-12-04 08:40:38",,0,0,,,,100,0,0
"2025-12-04 08:40:40",,0,0,,,,100,0,0
"2025-12-04 08:40:42",,0,0,,,,100,0,0
"2025-12-04 08:40:44",,0,0,,,,100,0,0
"2025-12-04 08:40:46",,0,0,,,,100,0,0
"2025-12-04 08:40:48",,0,0,,,,100,0,0
"2025-12-04 08:40:50",,0,0,,,,100,0,0
"2025-12-04 08:40:52",,0,0,,,,100,0,0
"2025-12-04 08:40:54",,0,0,,,,100,0,0
"2025-12-04 08:40:56",,0,0,,,,100,0,0
"2025-12-04 08:40:58",,0,0,,,,100,0,0
"2025-12-04 08:41:00",,0,0,,,,100,0,0
"2025-12-04 08:41:02",,0,0,,,,100,0,0
"2025-12-04 08:41:04",,0,0,,,,100,0,0
"2025-12-04 08:41:06",,0,0,,,,100,0,0
"2025-12-04 08:41:08",,0,0,,,,100,0,0
"2025-12-04 08:41:10",,0,0,,,,100,0,0
"2025-12-04 08:41:12",,0,0,,,,100,0,0
"2025-12-04 08:41:14",,0,0,,,,100,0,0
"2025-12-04 08:41:16",,0,0,,,,100,0,0
"2025-12-04 08:41:18",,0,0,,,,100,0,0
"2025-12-04 08:41:20",,0,0,,,,100,0,0
"2025-12-04 08:41:22",,0,0,,,,100,0,0
"2025-12-04 08:41:24",,0,0,,,,100,0,0
"2025-12-04 08:41:26",,0,0,,,,100,0,0
"2025-12-04 08:41:28",,0,0,,,,100,0,0
"2025-12-04 08:41:30",,0,0,,,,100,0,0
"2025-12-04 08:41:32",,0,0,,,,100,0,0
"2025-12-04 08:41:34",,0,0,,,,100,0,0
"2025-12-04 08:41:36",,0,0,,,,100,0,0
"2025-12-04 08:41:38",,0,0,,,,100,0,0
"2025-12-04 08:41:40",,0,0,,,,100,0,0
"2025-12-04 08:41:42",,0,0,,,,100,0,0
"2025-12-04 08:41:44",,0,0,,,,100,0,0
"2025-12-04 08:41:46",,0,0,,,,100,0,0
"2025-12-04 08:41:48",,0,0,,,,100,0,0
"2025-12-04 08:41:50",,0,0,,,,100,0,0
"2025-12-04 08:41:52",,0,0,,,,100,0,0
"2025-12-04 08:41:54",,0,0,,,,100,0,0
"2025-12-04 08:41:56",,0,0,,,,100,0,0
"2025-12-04 08:41:58",,0,0,,,,100,0,0
"2025-12-04 08:42:00",,0,0,,,,100,0,0
"2025-12-04 08:42:02",,0,0,,,,100,0,0
"2025-12-04 08:42:04",,0,0,,,,100,0,0
"2025-12-04 08:42:06",,0,0,,,,100,0,0
"2025-12-04 08:42:08",,0,0,,,,100,0,0
"2025-12-04 08:42:10",,0,0,,,,100,0,0
"2025-12-04 08:42:12",,0,0,,,,100,0,0
"2025-12-04 08:42:14",,0,0,,,,100,0,0
"2025-12-04 08:42:16",,0,0,,,,100,0,0
"2025-12-04 08:42:18",,0,0,,,,100,0,0
"2025-12-04 08:42:20",,0,0,,,,100,0,0
"2025-12-04 08:42:22",,0,0,,,,100,0,0
"2025-12-04 08:42:24",,0,0,,,,100,0,0
"2025-12-04 08:42:26",,0,0,,,,100,0,0
"2025-12-04 08:42:28",,0,0,,,,100,0,0
"2025-12-04 08:42:30",,0,0,,,,100,0,0
"2025-12-04 08:42:32",,0,0,,,,100,0,0
"2025-12-04 08:42:34",,0,0,,,,100,0,0
"2025-12-04 08:42:36",,0,0,,,,100,0,0
"2025-12-04 08:42:38",,0,0,,,,100,0,0
"2025-12-04 08:42:40",,0,0,,,,100,0,0
"2025-12-04 08:42:42",,0,0,,,,100,0,0
"2025-12-04 08:42:44",,0,0,,,,100,0,0
"2025-12-04 08:42:46",,0,0,,,,100,0,0
"2025-12-04 08:42:48",,0,0,,,,100,0,0
"2025-12-04 08:42:50",,0,0,,,,100,0,0
"2025-12-04 08:42:52",,0,0,,,,100,0,0
"2025-12-04 08:42:54",,0,0,,,,100,0,0
"2025-12-04 08:42:56",,0,0,,,,100,0,0
"2025-12-04 08:42:58",,0,0,,,,100,0,0
"2025-12-04 08:43:00",,0,0,,,,100,0,0
"2025-12-04 08:43:02",,0,0,,,,100,0,0
"2025-12-04 08:43:04",,0,0,,,,100,0,0
"2025-12-04 08:43:06",,0,0,,,,100,0,0
"2025-12-04 08:43:08",,0,0,,,,100,0,0
"2025-12-04 08:43:10",,0,0,,,,100,0,0
"2025-12-04 08:43:12",,0,0,,,,100,0,0
"2025-12-04 08:43:14",,0,0,,,,100,0,0
"2025-12-04 08:43:16",,0,0,,,,100,0,0
"2025-12-04 08:43:18",,0,0,,,,100,0,0
"2025-12-04 08:43:20",,0,0,,,,100,0,0
"2025-12-04 08:43:22",,0,0,,,,100,0,0
"2025-12-04 08:43:24",,0,0,,,,100,0,0
"2025-12-04 08:43:26",,0,0,,,,100,0,0
"2025-12-04 08:43:28",,0,0,,,,100,0,0
"2025-12-04 08:43:30",,0,0,,,,100,0,0
"2025-12-04 08:43:32",,0,0,,,,100,0,0
"2025-12-04 08:43:34",,0,0,,,,100,0,0
"2025-12-04 08:43:36",,0,0,,,,100,0,0
"2025-12-04 08:43:38",,0,0,,,,100,0,0
"2025-12-04 08:43:40",,0,0,,,,100,0,0
"2025-12-04 08:43:42",,0,0,,,,100,0,0
"2025-12-04 08:43:44",,0,0,,,,100,0,0
"2025-12-04 08:43:46",,0,0,,,,100,0,0
"2025-12-04 08:43:48",,0,0,,,,100,0,0
"2025-12-04 08:43:50",,0,0,,,,100,0,0
"2025-12-04 08:43:52",,0,0,,,,100,0,0
"2025-12-04 08:43:54",,0,0,,,,100,0,0
"2025-12-04 08:43:56",,0,0,,,,100,0,0
"2025-12-04 08:43:58",,0,0,,,,100,0,0
"2025-12-04 08:44:00",,0,0,,,,100,0,0
"2025-12-04 08:44:02",,0,0,,,,100,0,0
"2025-12-04 08:44:04",,0,0,,,,100,0,0
"2025-12-04 08:44:06",,0,0,,,,100,0,0
"2025-12-04 08:44:08",,0,0,,,,100,0,0
"2025-12-04 08:44:10",,0,0,,,,100,0,0
"2025-12-04 08:44:12",,0,0,,,,100,0,0
"2025-12-04 08:44:14",,0,0,,,,100,0,0
"2025-12-04 08:44:16",,0,0,,,,100,0,0
"2025-12-04 08:44:18",,0,0,,,,100,0,0
"2025-12-04 08:44:20",,0,0,,,,100,0,0
"2025-12-04 08:44:22",,0,0,,,,100,0,0
"2025-12-04 08:44:24",,0,0,,,,100,0,0
"2025-12-04 08:44:26",,0,0,,,,100,0,0
"2025-12-04 08:44:28",,0,0,,,,100,0,0
"2025-12-04 08:44:30",,0,0,,,,100,0,0
"2025-12-04 08:44:32",,0,0,,,,100,0,0
"2025-12-04 08:44:34",,0,0,,,,100,0,0
"2025-12-04 08:44:36",,0,0,,,,100,0,0
"2025-12-04 08:44:38",,0,0,,,,100,0,0
"2025-12-04 08:44:40",,0,0,,,,100,0,0
"2025-12-04 08:44:42",,0,0,,,,100,0,0
"2025-12-04 08:44:44",,0,0,,,,100,0,0
"2025-12-04 08:44:46",,0,0,,,,100,0,0
"2025-12-04 08:44:48",,0,0,,,,100,0,0
"2025-12-04 08:44:50",,0,0,,,,100,0,0
"2025-12-04 08:44:52",,0,0,,,,100,0,0
"2025-12-04 08:44:54",,0,0,,,,100,0,0
"2025-12-04 08:44:56",,0,0,,,,100,0,0
"2025-12-04 08:44:58",,0,0,,,,100,0,0
"2025-12-04 08:45:00",,0,0,,,,100,0,0