Time (America/Los_Angeles),Unit #29 (12B5).Batt Power Charge Limit EMS (BattPChLmtEMS),Unit #29 (12B5).Batt Power Charge Limit (BattPChLmt),Unit #29 (12B5).Batt Power Discharge Limit EMS (BattPDisLmtEMS),Unit #29 (12B5).Batt Power Discharge Limit (BattPDisLmt),Unit #29 (12B5).Battery Pack Power (BattP),Unit #29 (12B5).DC kW (DCkW),Unit #29 (12B5).Max Cell Voltage (CellVMax),Unit #29 (12B5).PCS Command (PcsCmd),Unit #29 (12B5).State of Charge (SoC),Unit #29 (12B5).kW Cmd Received (kWin),Unit #29 (12B5).kW Measured (kW)
2025-12-03T09:44:00,-4200,-3750,4200,3630,-2722.48,,3.526,,99,-2820,-2828
2025-12-03T09:44:02,-4200,-3750,4200,3630,-2722.48,,3.526,,99,-2820,-2823
2025-12-03T09:44:04,-4200,-3750,4200,3630,-2722.71,,3.527,,99,-2820,-2825
2025-12-03T09:44:06,-4200,-3750,4200,3630,-2722.71,,3.527,,99,-2820,-2826
2025-12-03T09:44:08,-4200,-3750,4200,3630,-2722.71,,3.527,,99,-2820,-2826
2025-12-03T09:44:10,-4200,-3750,4200,3630,-2722.71,,3.527,,99,-2820,-2826
2025-12-03T09:44:12,-4200,-3750,4200,3630,-2724.12,,3.527,,99,-2820,-2827
2025-12-03T09:44:14,-4200,-3750,4200,3630,-2721.75,,3.528,,99,-2820,-2826
2025-12-03T09:44:16,-4200,-3750,4200,3630,-2721.75,,3.528,,99,-2820,-2825
2025-12-03T09:44:18,-4200,-3750,4200,3630,-2721.75,,3.528,,99,-2820,-2822
2025-12-03T09:44:20,-4200,-3750,4200,3630,-2722.94,,3.528,,99,-2820,-2823
2025-12-03T09:44:22,-4200,-3750,4200,3630,-2721.98,,3.529,,99,-2820,-2822
2025-12-03T09:44:24,-4200,-3750,4200,3630,-2721.98,,3.529,,99,-2820,-2823
2025-12-03T09:44:26,-4200,-3750,4200,3630,-2720.8,,3.529,,99,-2820,-2822
2025-12-03T09:44:28,-4200,-3750,4200,3630,-2721.98,,3.529,,99,-2820,-2823
2025-12-03T09:44:30,-4200,-3750,4200,3630,-2720.8,,3.529,,99,-2820,-2824
2025-12-03T09:44:32,-4200,-3750,4200,3630,-2721.03,,3.529,,99,-2820,-2824
2025-12-03T09:44:34,-4200,-3750,4200,3630,-2721.03,,3.529,,99,-2820,-2822
2025-12-03T09:44:36,-4200,-3750,4200,3630,-2721.03,,3.53,,99,-2820,-2822
2025-12-03T09:44:38,-4200,-3750,4200,3630,-2721.03,,3.529,,99,-2820,-2824
2025-12-03T09:44:40,-4200,-3750,4200,3630,-2721.26,,3.53,,99,-2820,-2826
2025-12-03T09:44:42,-4200,-3750,4200,3630,-2721.26,,3.53,,99,-2820,-2826
2025-12-03T09:44:44,-4200,-3750,4200,3630,-2721.26,,3.53,,99,-2820,-2826
2025-12-03T09:44:46,-4200,-3750,4200,3630,-2721.26,,3.531,,99,-2820,-2828
2025-12-03T09:44:48,-4200,-3750,4200,3630,-2722.67,,3.531,,99,-2820,-2828
2025-12-03T09:44:50,-4200,-3750,4200,3630,-2721.49,,3.531,,99,-2820,-2828
2025-12-03T09:44:52,-4200,-3750,4200,3630,-2722.67,,3.531,,99,-2820,-2827
2025-12-03T09:44:54,-4200,-3750,4200,3630,-2720.3,,3.531,,99,-2820,-2827
2025-12-03T09:44:56,-4200,-3750,4200,3630,-2721.72,,3.532,,99,-2820,-2829
2025-12-03T09:44:58,-4200,-3750,4200,3630,-2724.09,,3.532,,99,-2820,-2828
2025-12-03T09:45:00,-4200,-3750,4200,3630,-2721.72,,3.532,,99,-2820,-2827
2025-12-03T09:45:02,-4200,-3750,4200,3630,-2722.9,,3.532,,99,-2820,-2828
2025-12-03T09:45:04,-4200,-3750,4200,3630,-2721.95,,3.533,,99,-2820,-2827
2025-12-03T09:45:06,-4200,-3750,4200,3630,-2723.13,,3.533,,99,-2820,-2826
2025-12-03T09:45:08,-4200,-3750,4200,3630,-2723.13,,3.533,,99,-2820,-2823
2025-12-03T09:45:10,-4200,-3750,4200,3630,-2721.95,,3.533,,99,-2820,-2826
2025-12-03T09:45:12,-4200,-3750,4200,3630,-2720.99,,3.533,,99,-2820,-2824
2025-12-03T09:45:14,-4200,-3750,4200,3630,-2722.17,,3.533,,99,-2820,-2825
2025-12-03T09:45:16,-4200,-3750,4200,3630,-2723.36,,3.534,,99,-2820,-2822
2025-12-03T09:45:18,-4200,-3750,4200,3630,-2723.36,,3.534,,99,-2820,-2824
2025-12-03T09:45:20,-4200,-3750,4200,3630,-2722.4,,3.534,,99,-2820,-2823
2025-12-03T09:45:22,-4200,-3750,4200,3630,-2722.4,,3.534,,99,-2820,-2822
2025-12-03T09:45:24,-4200,-3750,4200,3630,-2722.4,,3.535,,99,-2820,-2822
2025-12-03T09:45:26,-4200,-3750,4200,3630,-2722.4,,3.535,,99,-2820,-2822
2025-12-03T09:45:28,-4200,-3750,4200,3630,-2722.63,,3.535,,99,-2820,-2822
2025-12-03T09:45:30,-4200,-3750,4200,3630,-2722.63,,3.536,,99,-2820,-2823
2025-12-03T09:45:32,-4200,-3750,4200,3630,-2722.63,,3.536,,99,-2820,-2826
2025-12-03T09:45:34,-4200,-3750,4200,3630,-2722.63,,3.536,,99,-2820,-2824
2025-12-03T09:45:36,-4200,-3750,4200,3630,-2724.05,,3.536,,99,-2820,-2826
2025-12-03T09:45:38,-4200,-3750,4200,3630,-2722.86,,3.536,,99,-2820,-2827
2025-12-03T09:45:40,-4200,-3750,4200,3630,-2722.86,,3.536,,99,-2820,-2828
2025-12-03T09:45:42,-4200,-3750,4200,3630,-2722.86,,3.536,,99,-2820,-2828
2025-12-03T09:45:44,-4200,-3750,4200,3630,-2723.09,,3.537,,99,-2820,-2829
2025-12-03T09:45:46,-4200,-3750,4200,3630,-2723.09,,3.537,,99,-2820,-2827
2025-12-03T09:45:48,-4200,-3750,4200,3630,-2721.91,,3.537,,99,-2820,-2827
2025-12-03T09:45:50,-4200,-3750,4200,3630,-2723.09,,3.537,,99,-2820,-2828
2025-12-03T09:45:52,-4200,-3750,4200,3630,-2723.09,,3.538,,99,-2820,-2827
2025-12-03T09:45:54,-4200,-3321,4200,3201,-2723.32,,3.538,,99,-2820,-2901
2025-12-03T09:45:56,-4200,-3341,4200,3221,-3134.99,,3.538,,99,-2820,-3109
2025-12-03T09:45:58,-4200,-3333,4200,3213,-2723.55,,3.539,,99,-2820,-2990
2025-12-03T09:46:00,-4200,-3270,4200,3150,-3121.95,,3.539,,99,-2820,-3151
2025-12-03T09:46:02,-4200,-3334,4200,3214,-2892.17,,3.54,,99,-2820,-3079
2025-12-03T09:46:04,-4200,-3296,4200,3176,-3119.84,,3.54,,99,-2820,-3201
2025-12-03T09:46:06,-4200,-3249,4200,3129,-3083.34,,3.54,,99,-2820,-3186
2025-12-03T09:46:08,-4200,-3238,4200,3118,-3063.18,,3.54,,99,-2820,-3174
2025-12-03T09:46:10,-4200,-3238,4200,3118,-3052.76,,3.54,,99,-2820,-3169
2025-12-03T09:46:12,-4200,-3238,4200,3118,-3052.76,,3.541,,99,-2820,-3168
2025-12-03T09:46:14,-4200,-3238,4200,3118,-3052.76,,3.541,,99,-2820,-3166
2025-12-03T09:46:16,-4200,-3227,4200,3107,-3051.84,,3.542,,99,-2820,-3153
2025-12-03T09:46:18,-4200,-3215,4200,3095,-3030.49,,3.542,,99,-2820,-3143
2025-12-03T09:46:20,-4200,-3215,4200,3095,-3030.74,,3.542,,99,-2820,-3144
2025-12-03T09:46:22,-4200,-3215,4200,3095,-3030.74,,3.543,,99,-2820,-3143
2025-12-03T09:46:24,-4200,-3215,4200,3095,-3031.93,,3.543,,99,-2820,-3145
2025-12-03T09:46:26,-4200,-3216,4200,3096,-3031.0,,3.543,,99,-2820,-3145
2025-12-03T09:46:28,-4200,-3216,4200,3096,-3031.0,,3.543,,99,-2820,-3140
2025-12-03T09:46:30,-4200,-3204,4200,3084,-3019.13,,3.544,,99,-2820,-3136
2025-12-03T09:46:32,-4200,-3204,4200,3084,-3020.57,,3.544,,99,-2820,-3132
2025-12-03T09:46:34,-4200,-3204,4200,3084,-3020.57,,3.544,,99,-2820,-3132
2025-12-03T09:46:36,-4200,-3193,4200,3073,-3022.02,,3.544,,99,-2820,-3134
2025-12-03T09:46:38,-4200,-3205,4200,3085,-3031.51,,3.545,,99,-2820,-3139
2025-12-03T09:46:40,-4200,-3193,4200,3073,-3018.71,,3.545,,99,-2820,-3136
2025-12-03T09:46:42,-4200,-3205,4200,3085,-3031.76,,3.545,,99,-2820,-3140
2025-12-03T09:46:44,-4200,-3193,4200,3073,-3019.9,,3.546,,99,-2820,-3135
2025-12-03T09:46:46,-4200,-3205,4200,3085,-3032.02,,3.546,,99,-2820,-3136
2025-12-03T09:46:48,-4200,-3193,4200,3073,-3020.15,,3.546,,99,-2820,-3138
2025-12-03T09:46:50,-4200,-3205,4200,3085,-3030.83,,3.547,,99,-2820,-3139
2025-12-03T09:46:52,-4200,-3194,4200,3074,-3020.41,,3.547,,99,-2820,-3137
2025-12-03T09:46:54,-4200,-3206,4200,3086,-3032.27,,3.547,,99,-2820,-3139
2025-12-03T09:46:56,-4200,-3170,4200,3050,-3020.41,,3.547,,99,-2820,-3135
2025-12-03T09:46:58,-4200,-3158,4200,3038,-3008.79,,3.548,,99,-2820,-3127
2025-12-03T09:47:00,-4200,-3170,4200,3050,-3023.29,,3.548,,99,-2820,-3128
2025-12-03T09:47:02,-4200,-3158,4200,3038,-3010.23,,3.549,,99,-2820,-3122
2025-12-03T09:47:04,-4200,-3171,4200,3051,-3022.36,,3.549,,99,-2820,-3127
2025-12-03T09:47:06,-4200,-3159,4200,3039,-3010.49,,3.549,,99,-2820,-3124
2025-12-03T09:47:08,-4200,-3171,4200,3051,-3021.42,,3.55,,99,-2820,-3131
2025-12-03T09:47:10,-4200,-3159,4200,3039,-3011.93,,3.55,,99,-2820,-3124
2025-12-03T09:47:12,-4200,-3171,4200,3051,-3021.42,,3.55,,99,-2820,-3129
2025-12-03T09:47:14,-4158,-3159,4200,3039,-3009.81,,3.551,,99,-2820,-3128
2025-12-03T09:47:16,-4158,-3159,4200,3039,-3021.68,,3.551,,99,-2820,-3133
2025-12-03T09:47:18,-4158,-3159,4200,3039,-3021.93,,3.551,,99,-2820,-3136
2025-12-03T09:47:20,-4116,-3159,4200,3039,-3021.93,,3.552,,99,-2820,-3137
2025-12-03T09:47:22,-4116,-3160,4200,3040,-3022.19,,3.552,,99,-2820,-3137
2025-12-03T09:47:24,-4116,-3160,4200,3040,-3022.19,,3.552,,99,-2820,-3139
2025-12-03T09:47:26,-4074,-3160,4200,3040,-3022.44,,3.553,,99,-2820,-3135
2025-12-03T09:47:28,-4074,-3160,4200,3040,-3022.44,,3.553,,99,-2820,-3135
2025-12-03T09:47:30,-4074,-3160,4200,3040,-3022.7,,3.553,,99,-2820,-3136
2025-12-03T09:47:32,-4032,-3160,4200,3040,-3023.88,,3.554,,99,-2820,-3135
2025-12-03T09:47:34,-4032,-3160,4200,3040,-3022.7,,3.554,,99,-2820,-3135
2025-12-03T09:47:36,-4032,-3160,4200,3040,-3022.95,,3.554,,99,-2820,-3138
2025-12-03T09:47:38,-3990,-3148,4200,3028,-3020.58,,3.555,,99,-2820,-3135
2025-12-03T09:47:40,-3990,-3149,4200,3029,-3012.51,,3.555,,99,-2820,-3128
2025-12-03T09:47:42,-3990,-3149,4200,3029,-3012.51,,3.555,,99,-2820,-3127
2025-12-03T09:47:44,-3948,-3149,4200,3029,-3011.33,,3.556,,99,-2820,-3125
2025-12-03T09:47:46,-3948,-3137,4200,3017,-3012.77,,3.556,,99,-2820,-3123
2025-12-03T09:47:48,-3948,-3137,4200,3017,-3011.58,,3.556,,99,-2820,-3123
2025-12-03T09:47:50,-3906,-3149,4200,3029,-3022.27,,3.557,,99,-2820,-3130
2025-12-03T09:47:52,-3906,-3137,4200,3017,-3013.02,,3.557,,99,-2820,-3122
2025-12-03T09:47:54,-3906,-3149,4200,3029,-3022.53,,3.557,,99,-2820,-3135
2025-12-03T09:47:56,-3864,-3137,4200,3017,-3012.09,,3.558,,99,-2820,-3126
2025-12-03T09:47:58,-3864,-3149,4200,3029,-3022.78,,3.558,,99,-2820,-3135
2025-12-03T09:48:00,-3864,-3137,4200,3017,-3012.34,,3.558,,99,-2820,-3124
2025-12-03T09:48:02,-3864,-3149,4200,3029,-3023.04,,3.558,,99,-2820,-3133
2025-12-03T09:48:04,-3822,-3138,4200,3018,-3012.59,,3.559,,99,-2820,-3125
2025-12-03T09:48:06,-3822,-3150,4200,3030,-3023.29,,3.559,,99,-2820,-3132
2025-12-03T09:48:08,-3822,-3138,4200,3018,-3012.59,,3.559,,99,-2820,-3121
2025-12-03T09:48:10,-3780,-3126,4200,3006,-3024.48,,3.56,,99,-2820,-3129
2025-12-03T09:48:12,-3780,-3126,4200,3006,-3021.17,,3.56,,99,-2820,-3129
2025-12-03T09:48:14,-3780,-3126,4200,3006,-3019.04,,3.56,,99,-2820,-3131
2025-12-03T09:48:16,-3738,-3126,4200,3006,-3021.42,,3.561,,99,-2820,-3129
2025-12-03T09:48:18,-3738,-3103,4200,2983,-3020.23,,3.561,,99,-2820,-3129
2025-12-03T09:48:20,-3738,-3103,4200,2983,-2999.09,,3.561,,99,-2820,-3111
2025-12-03T09:48:22,-3696,-3103,4200,2983,-2999.09,,3.562,,99,-2820,-3109
2025-12-03T09:48:24,-3696,-3103,4200,2983,-2999.34,,3.562,,99,-2820,-3107
2025-12-03T09:48:26,-3696,-3103,4200,2983,-3000.53,,3.562,,99,-2820,-3107
2025-12-03T09:48:28,-3696,-3103,4200,2983,-2999.34,,3.562,,99,-2820,-3109
2025-12-03T09:48:30,-3654,-3103,4200,2983,-2999.59,,3.563,,99,-2820,-3109
2025-12-03T09:48:32,-3654,-3103,4200,2983,-2998.41,,3.563,,99,-2820,-3109
2025-12-03T09:48:34,-3654,-3103,4200,2983,-2999.59,,3.563,,99,-2820,-3110
2025-12-03T09:48:36,-3612,-3103,4200,2983,-2999.85,,3.564,,99,-2820,-3111
2025-12-03T09:48:38,-3612,-3103,4200,2983,-3001.04,,3.564,,99,-2820,-3110
2025-12-03T09:48:40,-3570,-3103,4200,2983,-3000.1,,3.565,,99,-2820,-3111
2025-12-03T09:48:42,-3570,-3103,4200,2983,-3000.1,,3.565,,99,-2820,-3109
2025-12-03T09:48:44,-3570,-3103,4200,2983,-3000.1,,3.565,,99,-2820,-3111
2025-12-03T09:48:46,-3570,-3092,4200,2972,-3000.35,,3.565,,99,-2820,-3109
2025-12-03T09:48:48,-3570,-3092,4200,2972,-3001.54,,3.565,,99,-2820,-3110
2025-12-03T09:48:50,-3528,-3092,4200,2972,-2988.46,,3.566,,99,-2820,-3099
2025-12-03T09:48:52,-3570,-3092,4200,2972,-2988.46,,3.565,,99,-2820,-3095
2025-12-03T09:48:54,-3528,-3092,4200,2972,-2988.46,,3.566,,99,-2820,-3096
2025-12-03T09:48:56,-3528,-3092,4200,2972,-2988.71,,3.566,,99,-2820,-3096
2025-12-03T09:48:58,-3528,-3092,4200,2972,-2988.71,,3.566,,99,-2820,-3095
2025-12-03T09:49:00,-3486,-3092,4200,2972,-2988.71,,3.567,,99,-2820,-3095
2025-12-03T09:49:02,-3528,-3092,4200,2972,-2989.9,,3.566,,99,-2820,-3095
2025-12-03T09:49:04,-3486,-3092,4200,2972,-2988.96,,3.567,,99,-2820,-3094
2025-12-03T09:49:06,-3486,-3092,4200,2972,-2987.77,,3.567,,99,-2820,-3096
2025-12-03T09:49:08,-3486,-3092,4200,2972,-2988.96,,3.567,,99,-2820,-3095
2025-12-03T09:49:10,-3444,-3092,4200,2972,-2989.21,,3.568,,99,-2820,-3088
2025-12-03T09:49:12,-3444,-3080,4200,2960,-2978.26,,3.568,,99,-2820,-3083
2025-12-03T09:49:14,-3444,-3080,4200,2960,-2978.26,,3.568,,99,-2820,-3085
2025-12-03T09:49:16,-3444,-3080,4200,2960,-2977.07,,3.568,,99,-2820,-3085
2025-12-03T09:49:18,-3444,-3081,4200,2961,-2977.32,,3.568,,99,-2820,-3087
2025-12-03T09:49:20,-3444,-3081,4200,2961,-2978.51,,3.568,,99,-2820,-3086
2025-12-03T09:49:22,-3402,-3081,4200,2961,-2977.32,,3.569,,99,-2820,-3086
2025-12-03T09:49:24,-3402,-3081,4200,2961,-2977.32,,3.569,,99,-2820,-3085
2025-12-03T09:49:26,-3444,-3081,4200,2961,-2978.76,,3.568,,99,-2820,-3085
2025-12-03T09:49:28,-3402,-3081,4200,2961,-2979.95,,3.569,,99,-2820,-3084
2025-12-03T09:49:30,-3402,-3081,4200,2961,-2978.76,,3.569,,99,-2820,-3085
2025-12-03T09:49:32,-3402,-3081,4200,2961,-2979.01,,3.569,,99,-2820,-3083
2025-12-03T09:49:34,-3360,-3081,4200,2961,-2979.01,,3.57,,99,-2820,-3084
2025-12-03T09:49:36,-3360,-3057,4200,2937,-2980.2,,3.57,,99,-2820,-3069
2025-12-03T09:49:38,-3318,-3045,4200,2925,-2956.4,,3.571,,99,-2820,-3062
2025-12-03T09:49:40,-3360,-3046,4200,2926,-2956.65,,3.57,,99,-2820,-3061
2025-12-03T09:49:42,-3360,-3057,4200,2937,-2955.21,,3.57,,99,-2820,-3060
2025-12-03T09:49:44,-3318,-3057,4200,2937,-2957.59,,3.571,,99,-2820,-3061
2025-12-03T09:49:46,-3318,-3058,4200,2938,-2956.65,,3.571,,99,-2820,-3059
2025-12-03T09:49:48,-3276,-3058,4200,2938,-2956.65,,3.572,,99,-2820,-3062
2025-12-03T09:49:50,-3276,-3058,4200,2938,-2957.84,,3.572,,99,-2820,-3060
2025-12-03T09:49:52,-3276,-3058,4200,2938,-2956.65,,3.572,,99,-2820,-3059
2025-12-03T09:49:54,-3276,-3058,4200,2938,-2957.84,,3.572,,99,-2820,-3061
2025-12-03T09:49:56,-3276,-3058,4200,2938,-2958.09,,3.572,,99,-2820,-3062
2025-12-03T09:49:58,-3276,-3058,4200,2938,-2958.09,,3.572,,99,-2820,-3061
2025-12-03T09:50:00,-3276,-3058,4200,2938,-2956.9,,3.572,,99,-2820,-3059
2025-12-03T09:50:02,-3234,-3058,4200,2938,-2956.9,,3.573,,99,-2820,-3059
2025-12-03T09:50:04,-3234,-3058,4200,2938,-2958.34,,3.573,,99,-2820,-3062
2025-12-03T09:50:06,-3234,-3058,4200,2938,-2957.15,,3.573,,99,-2820,-3063
2025-12-03T09:50:08,-3234,-3058,4200,2938,-2957.15,,3.573,,99,-2820,-3055
2025-12-03T09:50:10,-3234,-3046,4200,2926,-2945.25,,3.573,,99,-2820,-3049
2025-12-03T09:50:12,-3192,-3046,4200,2926,-2945.25,,3.574,,99,-2820,-3050
2025-12-03T09:50:14,-3192,-3046,4200,2926,-2945.25,,3.574,,99,-2820,-3050
2025-12-03T09:50:16,-3192,-3046,4200,2926,-2945.25,,3.574,,99,-2820,-3047
2025-12-03T09:50:18,-3192,-3023,4200,2903,-2945.25,,3.574,,99,-2820,-3049
2025-12-03T09:50:20,-3192,-3023,4200,2903,-2945.5,,3.574,,99,-2820,-3035
2025-12-03T09:50:22,-3150,-3023,4200,2903,-2922.89,,3.575,,99,-2820,-3031
2025-12-03T09:50:24,-3150,-3023,4200,2903,-2922.89,,3.575,,99,-2820,-3027
2025-12-03T09:50:26,-3150,-3023,4200,2903,-2924.08,,3.575,,99,-2820,-3027
2025-12-03T09:50:28,-3150,-3023,4200,2903,-2922.89,,3.575,,99,-2820,-3026
2025-12-03T09:50:30,-3108,-3023,4200,2903,-2923.13,,3.576,,99,-2820,-3026
2025-12-03T09:50:32,-3108,-3023,4200,2903,-2924.32,,3.576,,99,-2820,-3030
2025-12-03T09:50:34,-3108,-3023,4200,2903,-2924.32,,3.576,,99,-2820,-3027
2025-12-03T09:50:36,-3108,-3023,4200,2903,-2923.13,,3.576,,99,-2820,-3026
2025-12-03T09:50:38,-3108,-3023,4200,2903,-2925.76,,3.576,,99,-2820,-3026
2025-12-03T09:50:40,-3066,-3011,4200,2891,-2924.57,,3.577,,99,-2820,-3021
2025-12-03T09:50:42,-3108,-3011,4200,2891,-2912.66,,3.576,,99,-2820,-3015
2025-12-03T09:50:44,-3066,-3011,4200,2891,-2912.66,,3.577,,99,-2820,-3015
2025-12-03T09:50:46,-3066,-3011,4200,2891,-2912.66,,3.577,,99,-2820,-3016
2025-12-03T09:50:48,-3066,-3011,4200,2891,-2911.47,,3.577,,99,-2820,-3013
2025-12-03T09:50:50,-3066,-3011,4200,2891,-2913.85,,3.577,,99,-2820,-3017
2025-12-03T09:50:52,-3024,-3011,4200,2891,-2910.28,,3.578,,99,-2820,-3015
2025-12-03T09:50:54,-3024,-3011,4200,2891,-2912.91,,3.578,,99,-2820,-3017
2025-12-03T09:50:56,-3024,-3011,4200,2891,-2912.91,,3.578,,99,-2820,-3018
2025-12-03T09:50:58,-3024,-3011,4200,2891,-2912.91,,3.578,,99,-2820,-3016
2025-12-03T09:51:00,-3024,-3011,4200,2891,-2912.91,,3.578,,99,-2820,-3017
2025-12-03T09:51:02,-2982,-3012,4200,2892,-2913.15,,3.579,,99,-2820,-3016
2025-12-03T09:51:04,-2982,-3012,4200,2892,-2913.15,,3.579,,99,-2820,-3016
2025-12-03T09:51:06,-2982,-3012,4200,2892,-2914.34,,3.579,,99,-2820,-3017
2025-12-03T09:51:08,-2940,-3012,4200,2892,-2913.15,,3.58,,99,-2820,-3016
2025-12-03T09:51:10,-2940,-3012,4200,2892,-2913.4,,3.58,,99,-2820,-3016
2025-12-03T09:51:12,-2940,-3000,4200,2880,-2913.4,,3.58,,99,-2820,-3013
2025-12-03T09:51:14,-2940,-3000,4200,2880,-2901.49,,3.58,,99,-2820,-3004
2025-12-03T09:51:16,-2940,-3000,4200,2880,-2901.49,,3.58,,99,-2820,-3004
2025-12-03T09:51:18,-2940,-3000,4200,2880,-2900.3,,3.58,,99,-2820,-3003
2025-12-03T09:51:20,-2940,-3000,4200,2880,-2901.49,,3.58,,99,-2820,-3005
2025-12-03T09:51:22,-2898,-3000,4200,2880,-2901.49,,3.581,,99,-2820,-3003
2025-12-03T09:51:24,-2898,-3000,4200,2880,-2901.49,,3.581,,99,-2820,-3003
2025-12-03T09:51:26,-2898,-3000,4200,2880,-2900.3,,3.581,,99,-2820,-3005
2025-12-03T09:51:28,-2898,-3000,4200,2880,-2901.74,,3.581,,99,-2820,-3004
2025-12-03T09:51:30,-2898,-3000,4200,2880,-2901.74,,3.581,,99,-2820,-3004
2025-12-03T09:51:32,-2856,-3000,4200,2880,-2902.93,,3.582,,99,-2820,-3002
2025-12-03T09:51:34,-2856,-3000,4200,2880,-2901.74,,3.582,,99,-2820,-3005
2025-12-03T09:51:36,-2856,-3001,4200,2881,-2901.98,,3.582,,99,-2820,-3006
2025-12-03T09:51:38,-2856,-3001,4200,2881,-2901.98,,3.582,,99,-2820,-3005
2025-12-03T09:51:40,-2856,-3001,4200,2881,-2901.98,,3.582,,99,-2820,-3004
2025-12-03T09:51:42,-2814,-3001,4200,2881,-2901.98,,3.583,,99,-2820,-3006
2025-12-03T09:51:44,-2814,-2977,4200,2857,-2902.22,,3.583,,99,-2820,-2997
2025-12-03T09:51:46,-2814,-2977,4200,2857,-2879.6,,3.583,,99,-2820,-2984
2025-12-03T09:51:48,-2772,-2977,4200,2857,-2879.6,,3.584,,99,-2820,-2983
2025-12-03T09:51:50,-2772,-2977,4200,2857,-2879.84,,3.584,,99,-2820,-2982
2025-12-03T09:51:52,-2772,-2965,4200,2845,-2879.84,,3.584,,99,-2820,-2982
2025-12-03T09:51:54,-2772,-2965,4200,2845,-2869.12,,3.584,,99,-2820,-2973
2025-12-03T09:51:56,-2730,-2965,4200,2845,-2869.12,,3.585,,99,-2820,-2971
2025-12-03T09:51:58,-2730,-2965,4200,2845,-2869.12,,3.585,,99,-2820,-2970
2025-12-03T09:52:00,-2730,-2965,4200,2845,-2869.12,,3.585,,99,-2820,-2971
2025-12-03T09:52:02,-2730,-2965,4200,2845,-2869.12,,3.585,,99,-2820,-2969
2025-12-03T09:52:04,-2730,-2965,4200,2845,-2869.12,,3.585,,99,-2820,-2971
2025-12-03T09:52:06,-2688,-2966,4200,2846,-2869.36,,3.586,,99,-2820,-2969
2025-12-03T09:52:08,-2688,-2966,4200,2846,-2869.36,,3.586,,99,-2820,-2970
2025-12-03T09:52:10,-2688,-2966,4200,2846,-2869.36,,3.586,,99,-2820,-2971
2025-12-03T09:52:12,-2688,-2966,4200,2846,-2869.36,,3.586,,99,-2820,-2968
2025-12-03T09:52:14,-2646,-2966,4200,2846,-2869.6,,3.587,,99,-2820,-2968
2025-12-03T09:52:16,-2646,-2966,4200,2846,-2869.6,,3.587,,99,-2820,-2968
2025-12-03T09:52:18,-2646,-2966,4200,2846,-2869.6,,3.587,,99,-2820,-2971
2025-12-03T09:52:20,-2646,-2966,4200,2846,-2868.41,,3.587,,99,-2820,-2966
2025-12-03T09:52:22,-2604,-2954,4200,2834,-2869.84,,3.588,,99,-2820,-2966
2025-12-03T09:52:24,-2646,-2954,4200,2834,-2841.25,,3.587,,99,-2820,-2942
2025-12-03T09:52:26,-2646,-2954,4200,2834,-2856.5,,3.587,,99,-2820,-2957
2025-12-03T09:52:28,-2646,-2954,4200,2834,-2857.69,,3.587,,99,-2820,-2956
2025-12-03T09:52:30,-2604,-2954,4200,2834,-2857.69,,3.588,,99,-2820,-2957
2025-12-03T09:52:32,-2604,-2954,4200,2834,-2842.2,,3.588,,99,-2820,-2943
2025-12-03T09:52:34,-2604,-2954,4200,2834,-2842.2,,3.588,,99,-2820,-2943
2025-12-03T09:52:36,-2604,-2954,4200,2834,-2842.2,,3.588,,99,-2820,-2941
2025-12-03T09:52:38,-2604,-2954,4200,2834,-2842.2,,3.588,,99,-2820,-2943
2025-12-03T09:52:40,-2604,-2954,4200,2834,-2842.2,,3.588,,99,-2820,-2943
2025-12-03T09:52:42,-2604,-2954,4200,2834,-2839.82,,3.588,,99,-2820,-2941
2025-12-03T09:52:44,-2604,-2954,4200,2834,-2841.01,,3.588,,99,-2820,-2941
2025-12-03T09:52:46,-2562,-2954,4200,2834,-2838.63,,3.589,,99,-2820,-2940
2025-12-03T09:52:48,-2562,-2942,4200,2822,-2814.81,,3.589,,99,-2820,-2905
2025-12-03T09:52:50,-2604,-2954,4200,2834,-2823.86,,3.588,,99,-2820,-2918
2025-12-03T09:52:52,-2604,-2954,4200,2834,-2840.77,,3.588,,99,-2820,-2935
2025-12-03T09:52:54,-2604,-2954,4200,2834,-2841.01,,3.588,,99,-2820,-2942
2025-12-03T09:52:56,-2562,-2954,4200,2834,-2841.01,,3.589,,99,-2820,-2941
2025-12-03T09:52:58,-2562,-2955,4200,2835,-2825.76,,3.589,,99,-2820,-2908
2025-12-03T09:53:00,-2562,-2954,4200,2834,-2822.91,,3.589,,99,-2820,-2918
2025-12-03T09:53:02,-2562,-2931,4200,2811,-2801.47,,3.589,,99,-2820,-2902
2025-12-03T09:53:04,-2562,-2931,4200,2811,-2803.61,,3.589,,99,-2820,-2918
2025-12-03T09:53:06,-2562,-2943,4200,2823,-2821.72,,3.589,,99,-2820,-2903
2025-12-03T09:53:08,-2562,-2931,4200,2811,-2802.42,,3.589,,99,-2820,-2919
2025-12-03T09:53:10,-2562,-2931,4200,2811,-2800.28,,3.589,,99,-2820,-2907
2025-12-03T09:53:12,-2562,-2954,4200,2834,-2823.86,,3.589,,99,-2820,-2919
2025-12-03T09:53:14,-2562,-2919,4200,2799,-2822.91,,3.589,,99,-2820,-2907
2025-12-03T09:53:16,-2562,-2919,4200,2799,-2789.32,,3.589,,99,-2820,-2904
2025-12-03T09:53:18,-2562,-2931,4200,2811,-2801.47,,3.589,,99,-2820,-2889
2025-12-03T09:53:20,-2520,-2919,4200,2799,-2799.09,,3.59,,99,-2820,-2898
2025-12-03T09:53:22,-2562,-2883,4200,2763,-2750.25,,3.589,,99,-2820,-2866
2025-12-03T09:53:24,-2562,-2871,4200,2751,-2749.79,,3.589,,99,-2820,-2880
2025-12-03T09:53:26,-2520,-2907,4200,2787,-2788.13,,3.59,,99,-2820,-2900
2025-12-03T09:53:28,-2520,-2943,4200,2823,-2801.7,,3.59,,99,-2820,-2688
2025-12-03T09:53:30,-2562,-2798,4200,2678,-2643.8,,3.589,,99,-2820,-2815
2025-12-03T09:53:32,-2520,-3062,4200,2942,-2872.69,,3.59,,99,-2820,-2886
2025-12-03T09:53:34,-2520,-3197,4200,3077,-2694.27,,3.59,,99,-2820,-2660
2025-12-03T09:53:36,-2562,-3125,4200,3005,-2438.96,,3.589,,99,-2820,-2806
2025-12-03T09:53:38,-2520,-2903,4200,2892,-3023.95,,3.59,,99,-2820,-2930
2025-12-03T09:53:40,-2478,-3150,4200,3030,-2568.23,,3.591,,99,-2820,-2715
2025-12-03T09:53:42,-2520,-3137,4200,3017,-2429.44,,3.59,,99,-2820,-2740
2025-12-03T09:53:44,-2562,-3001,4200,2881,-2937.7,,3.589,,99,-2820,-2874
2025-12-03T09:53:46,-2520,-2871,4200,2751,-2722.4,,3.59,,99,-2820,-2873
2025-12-03T09:53:48,-2478,-2942,4200,2822,-2778.84,,3.591,,99,-2820,-2712
2025-12-03T09:53:50,-2520,-2727,4200,2607,-2547.34,,3.59,,99,-2820,-2727
2025-12-03T09:53:52,-2520,-3024,4200,2904,-2980.57,,3.59,,99,-2820,-2950
2025-12-03T09:53:54,-2520,-2966,4200,2846,-2848.63,,3.59,,99,-2820,-2911
2025-12-03T09:53:56,-2520,-2919,4200,2799,-2782.18,,3.59,,99,-2820,-2878
2025-12-03T09:53:58,-2478,-2907,4200,2787,-2772.65,,3.591,,99,-2820,-2864
2025-12-03T09:54:00,-2478,-2883,4200,2763,-2734.54,,3.591,,99,-2820,-2840
2025-12-03T09:54:02,-2520,-2895,4200,2775,-2742.41,,3.59,,99,-2820,-2836
2025-12-03T09:54:04,-2478,-2895,4200,2775,-2742.41,,3.591,,99,-2820,-2865
2025-12-03T09:54:06,-2478,-2907,4200,2787,-2772.65,,3.591,,99,-2820,-2751
2025-12-03T09:54:08,-2478,-3137,4200,3017,-2398.27,,3.591,,99,-2820,-2632
2025-12-03T09:54:10,-2478,-3025,4200,2905,-2890.07,,3.591,,99,-2820,-2908
2025-12-03T09:54:12,-2478,-2907,4200,2787,-2762.66,,3.591,,99,-2820,-2855
2025-12-03T09:54:14,-2478,-2907,4200,2787,-2743.6,,3.591,,99,-2820,-2846
2025-12-03T09:54:16,-2520,-2907,4200,2787,-2742.41,,3.59,,99,-2820,-2843
2025-12-03T09:54:18,-2520,-2907,4200,2787,-2742.18,,3.59,,99,-2820,-2865
2025-12-03T09:54:20,-2478,-2896,4200,2776,-2759.55,,3.591,,99,-2820,-2860
2025-12-03T09:54:22,-2436,-2896,4200,2776,-2744.06,,3.592,,99,-2820,-2836
2025-12-03T09:54:24,-2436,-2872,4200,2752,-2718.82,,3.592,,99,-2820,-2711
2025-12-03T09:54:26,-2478,-3137,4200,3017,-2357.59,,3.591,,99,-2820,-2643
2025-12-03T09:54:28,-2478,-2846,4200,2726,-2813.86,,3.591,,99,-2820,-2913
2025-12-03T09:54:30,-2478,-2812,4200,2692,-2617.38,,3.591,,99,-2820,-2761
2025-12-03T09:54:32,-2436,-2871,4200,2751,-2695.97,,3.592,,99,-2820,-2799
2025-12-03T09:54:34,-2436,-2895,4200,2775,-2717.41,,3.592,,99,-2820,-2816
2025-12-03T09:54:36,-2436,-2895,4200,2775,-2729.31,,3.592,,99,-2820,-2742
2025-12-03T09:54:38,-2478,-3137,4200,3017,-2355.2,,3.591,,99,-2820,-2572
2025-12-03T09:54:40,-2478,-2989,4200,2869,-2875.3,,3.591,,99,-2820,-2879
2025-12-03T09:54:42,-2436,-3173,4200,3053,-2714.06,,3.592,,99,-2820,-2733
2025-12-03T09:54:44,-2436,-3137,4200,3017,-2397.08,,3.592,,99,-2820,-2593
2025-12-03T09:54:46,-2436,-2953,4200,2833,-2881.49,,3.592,,99,-2820,-2822
2025-12-03T09:54:48,-2436,-2836,4200,2716,-2598.11,,3.592,,99,-2820,-2759
2025-12-03T09:54:50,-2436,-2931,4200,2811,-2779.09,,3.592,,99,-2820,-2853
2025-12-03T09:54:52,-2436,-2896,4200,2776,-2744.56,,3.592,,99,-2820,-2834
2025-12-03T09:54:54,-2436,-2872,4200,2752,-2724.32,,3.592,,99,-2820,-2785
2025-12-03T09:54:56,-2436,-3137,4200,3017,-2532.62,,3.592,,99,-2820,-2542
2025-12-03T09:54:58,-2436,-2728,4200,2608,-2531.43,,3.592,,99,-2820,-2840
2025-12-03T09:55:00,-2436,-2813,4200,2693,-2574.08,,3.592,,99,-2820,-2680
2025-12-03T09:55:02,-2436,-3125,4200,3005,-2356.4,,3.592,,99,-2820,-2514
2025-12-03T09:55:04,-2394,-2739,4200,2619,-2537.17,,3.593,,99,-2820,-2858
2025-12-03T09:55:06,-2394,-3603,4200,3483,-2710.03,,3.593,,99,-2820,-2471
2025-12-03T09:55:08,-2436,-3750,4200,3630,-2314.53,,3.592,,99,-2820,-2425
2025-12-03T09:55:10,-2436,-3750,4200,3630,-2354.81,,3.592,,99,-2820,-2441
2025-12-03T09:55:12,-2436,-3750,4200,3630,-2356.0,,3.592,,99,-2820,-2443
2025-12-03T09:55:14,-2436,-3750,4200,3630,-2354.81,,3.592,,99,-2820,-2441
2025-12-03T09:55:16,-2436,-3750,4200,3630,-2356.0,,3.592,,99,-2820,-2442
2025-12-03T09:55:18,-2436,-3750,4200,3630,-2357.19,,3.592,,99,-2820,-2442
2025-12-03T09:55:20,-2436,-3750,4200,3630,-2356.0,,3.592,,99,-2820,-2440
2025-12-03T09:55:22,-2394,-3750,4200,3630,-2356.0,,3.593,,99,-2820,-2432
2025-12-03T09:55:24,-2436,-3750,4200,3630,-2315.52,,3.592,,99,-2820,-2418
2025-12-03T09:55:26,-2436,-3750,4200,3630,-2354.61,,3.592,,99,-2820,-2440
2025-12-03T09:55:28,-2436,-3750,4200,3630,-2357.19,,3.592,,99,-2820,-2441
2025-12-03T09:55:30,-2394,-3750,4200,3630,-2356.0,,3.593,,99,-2820,-2430
2025-12-03T09:55:32,-2436,-3750,4200,3630,-2315.52,,3.592,,99,-2820,-2415
2025-12-03T09:55:34,-2436,-3750,4200,3630,-2355.8,,3.592,,99,-2820,-2435
2025-12-03T09:55:36,-2394,-3750,4200,3630,-2356.0,,3.593,,99,-2820,-2431
2025-12-03T09:55:38,-2394,-3750,4200,3630,-2317.9,,3.593,,99,-2820,-2402
2025-12-03T09:55:40,-2436,-3750,4200,3630,-2314.14,,3.592,,99,-2820,-2415
2025-12-03T09:55:42,-2394,-3750,4200,3630,-2354.61,,3.593,,99,-2820,-2432
2025-12-03T09:55:44,-2394,-3750,4200,3630,-2314.33,,3.593,,99,-2820,-2402
2025-12-03T09:55:46,-2394,-3750,4200,3630,-2314.14,,3.593,,99,-2820,-2397
2025-12-03T09:55:48,-2394,-3750,4200,3630,-2315.13,,3.593,,99,-2820,-2395
2025-12-03T09:55:50,-2394,-3750,4200,3630,-2313.94,,3.593,,99,-2820,-2397
2025-12-03T09:55:52,-2394,-3750,4200,3630,-2313.94,,3.593,,99,-2820,-2396
2025-12-03T09:55:54,-2394,-3750,4200,3630,-2313.94,,3.593,,99,-2820,-2397
2025-12-03T09:55:56,-2394,-3750,4200,3630,-2315.13,,3.593,,99,-2820,-2397
2025-12-03T09:55:58,-2394,-3750,4200,3630,-2315.13,,3.593,,99,-2820,-2398
2025-12-03T09:56:00,-2394,-3750,4200,3630,-2315.13,,3.593,,99,-2820,-2399
2025-12-03T09:56:02,-2352,-3750,4200,3630,-2311.56,,3.594,,99,-2820,-2397
2025-12-03T09:56:04,-2394,-3750,4200,3630,-2280.61,,3.593,,99,-2820,-2369
2025-12-03T09:56:06,-2394,-3750,4200,3630,-2301.85,,3.593,,99,-2820,-2396
2025-12-03T09:56:08,-2352,-3750,4200,3630,-2312.75,,3.594,,99,-2820,-2398
2025-12-03T09:56:10,-2352,-3750,4200,3630,-2273.47,,3.594,,99,-2820,-2360
2025-12-03T09:56:12,-2394,-3750,4200,3630,-2272.09,,3.593,,99,-2820,-2365
2025-12-03T09:56:14,-2352,-3750,4200,3630,-2304.23,,3.594,,99,-2820,-2393
2025-12-03T09:56:16,-2352,-3750,4200,3630,-2283.0,,3.594,,99,-2820,-2361
2025-12-03T09:56:18,-2352,-3750,4200,3630,-2274.47,,3.594,,99,-2820,-2356
2025-12-03T09:56:20,-2352,-3750,4200,3630,-2274.47,,3.594,,99,-2820,-2355
2025-12-03T09:56:22,-2394,-3750,4200,3630,-2273.28,,3.593,,99,-2820,-2355
2025-12-03T09:56:24,-2352,-3750,4200,3630,-2314.94,,3.594,,99,-2820,-2390
2025-12-03T09:56:26,-2352,-3750,4200,3630,-2296.09,,3.594,,99,-2820,-2359
2025-12-03T09:56:28,-2352,-3750,4200,3630,-2273.28,,3.594,,99,-2820,-2357
2025-12-03T09:56:30,-2352,-3750,4200,3630,-2273.28,,3.594,,99,-2820,-2357
2025-12-03T09:56:32,-2352,-3750,4200,3630,-2272.09,,3.594,,99,-2820,-2356
2025-12-03T09:56:34,-2352,-3750,4200,3630,-2273.28,,3.594,,99,-2820,-2356
2025-12-03T09:56:36,-2352,-3750,4200,3630,-2272.09,,3.594,,99,-2820,-2355
2025-12-03T09:56:38,-2352,-3750,4200,3630,-2273.28,,3.594,,99,-2820,-2354
2025-12-03T09:56:40,-2310,-3750,4200,3630,-2273.28,,3.595,,99,-2820,-2354
2025-12-03T09:56:42,-2352,-3750,4200,3630,-2232.82,,3.594,,99,-2820,-2320
2025-12-03T09:56:44,-2310,-3750,4200,3630,-2252.86,,3.595,,99,-2820,-2350
2025-12-03T09:56:46,-2352,-3750,4200,3630,-2270.9,,3.594,,99,-2820,-2317
2025-12-03T09:56:48,-2310,-3750,4200,3630,-2231.44,,3.595,,99,-2820,-2348
2025-12-03T09:56:50,-2310,-3750,4200,3630,-2251.86,,3.595,,99,-2820,-2316
2025-12-03T09:56:52,-2310,-3750,4200,3630,-2229.06,,3.595,,99,-2820,-2312
2025-12-03T09:56:54,-2310,-3750,4200,3630,-2231.44,,3.595,,99,-2820,-2313
2025-12-03T09:56:56,-2352,-3750,4200,3630,-2231.25,,3.594,,99,-2820,-2312
2025-12-03T09:56:58,-2310,-3750,4200,3630,-2231.25,,3.595,,99,-2820,-2347
2025-12-03T09:57:00,-2310,-3750,4200,3630,-2251.86,,3.595,,99,-2820,-2320
2025-12-03T09:57:02,-2310,-3750,4200,3630,-2232.63,,3.595,,99,-2820,-2313
2025-12-03T09:57:04,-2310,-3750,4200,3630,-2229.06,,3.595,,99,-2820,-2313
2025-12-03T09:57:06,-2310,-3750,4200,3630,-2229.06,,3.595,,99,-2820,-2313
2025-12-03T09:57:08,-2310,-3750,4200,3630,-2229.06,,3.595,,99,-2820,-2313
2025-12-03T09:57:10,-2268,-3750,4200,3630,-2231.25,,3.596,,99,-2820,-2314
2025-12-03T09:57:12,-2310,-3750,4200,3630,-2231.44,,3.595,,99,-2820,-2282
2025-12-03T09:57:14,-2310,-3750,4200,3630,-2229.87,,3.595,,99,-2820,-2306
2025-12-03T09:57:16,-2268,-3750,4200,3630,-2232.44,,3.596,,99,-2820,-2314
2025-12-03T09:57:18,-2310,-3750,4200,3630,-2231.25,,3.595,,99,-2820,-2283
2025-12-03T09:57:20,-2268,-3750,4200,3630,-2188.41,,3.596,,99,-2820,-2309
2025-12-03T09:57:22,-2268,-3750,4200,3630,-2231.25,,3.596,,99,-2820,-2279
2025-12-03T09:57:24,-2268,-3750,4200,3630,-2190.61,,3.596,,99,-2820,-2272
2025-12-03T09:57:26,-2310,-3750,4200,3630,-2189.42,,3.595,,99,-2820,-2273
2025-12-03T09:57:28,-2268,-3750,4200,3630,-2189.42,,3.596,,99,-2820,-2307
2025-12-03T09:57:30,-2268,-3750,4200,3630,-2231.25,,3.596,,99,-2820,-2280
2025-12-03T09:57:32,-2268,-3750,4200,3630,-2189.42,,3.596,,99,-2820,-2273
2025-12-03T09:57:34,-2226,-3750,4200,3630,-2188.23,,3.597,,99,-2820,-2273
2025-12-03T09:57:36,-2268,-3750,4200,3630,-2189.42,,3.596,,99,-2820,-2274
2025-12-03T09:57:38,-2268,-3750,4200,3630,-2188.23,,3.596,,99,-2820,-2274
2025-12-03T09:57:40,-2268,-3750,4200,3630,-2190.61,,3.596,,99,-2820,-2272
2025-12-03T09:57:42,-2268,-3750,4200,3630,-2189.42,,3.596,,99,-2820,-2273
2025-12-03T09:57:44,-2226,-3750,4200,3630,-2190.61,,3.597,,99,-2820,-2273
2025-12-03T09:57:46,-2226,-3750,4200,3630,-2190.61,,3.597,,99,-2820,-2273
2025-12-03T09:57:48,-2226,-3750,4200,3630,-2189.42,,3.597,,99,-2820,-2273
2025-12-03T09:57:50,-2226,-3750,4200,3630,-2190.61,,3.597,,99,-2820,-2242
2025-12-03T09:57:52,-2226,-3750,4200,3630,-2148.78,,3.597,,99,-2820,-2233
2025-12-03T09:57:54,-2268,-3750,4200,3630,-2169.01,,3.596,,99,-2820,-2262
2025-12-03T09:57:56,-2226,-3750,4200,3630,-2189.42,,3.597,,99,-2820,-2241
2025-12-03T09:57:58,-2226,-3750,4200,3630,-2148.78,,3.597,,99,-2820,-2232
2025-12-03T09:58:00,-2226,-3750,4200,3630,-2148.78,,3.597,,99,-2820,-2233
2025-12-03T09:58:02,-2268,-3750,4200,3630,-2149.79,,3.596,,99,-2820,-2262
2025-12-03T09:58:04,-2226,-3750,4200,3630,-2181.09,,3.597,,99,-2820,-2240
2025-12-03T09:58:06,-2226,-3750,4200,3630,-2148.78,,3.597,,99,-2820,-2235
2025-12-03T09:58:08,-2226,-3750,4200,3630,-2147.59,,3.597,,99,-2820,-2233
2025-12-03T09:58:10,-2226,-3750,4200,3630,-2148.6,,3.597,,99,-2820,-2231
2025-12-03T09:58:12,-2226,-3750,4200,3630,-2148.78,,3.597,,99,-2820,-2232
2025-12-03T09:58:14,-2226,-3750,4200,3630,-2147.41,,3.597,,99,-2820,-2231
2025-12-03T09:58:16,-2226,-3750,4200,3630,-2147.41,,3.597,,99,-2820,-2231
2025-12-03T09:58:18,-2226,-3750,4200,3630,-2147.59,,3.597,,99,-2820,-2226
2025-12-03T09:58:20,-2226,-3750,4200,3630,-2146.4,,3.597,,99,-2820,-2228
2025-12-03T09:58:22,-2226,-3750,4200,3630,-2148.78,,3.597,,99,-2820,-2228
2025-12-03T09:58:24,-2184,-3750,4200,3630,-2146.4,,3.598,,99,-2820,-2205
2025-12-03T09:58:26,-2184,-3750,4200,3630,-2108.15,,3.598,,99,-2820,-2187
2025-12-03T09:58:28,-2226,-3750,4200,3630,-2106.78,,3.597,,99,-2820,-2215
2025-12-03T09:58:30,-2184,-3750,4200,3630,-2148.6,,3.598,,99,-2820,-2206
2025-12-03T09:58:32,-2226,-3750,4200,3630,-2108.15,,3.597,,99,-2820,-2191
2025-12-03T09:58:34,-2184,-3750,4200,3630,-2107.97,,3.598,,99,-2820,-2190
2025-12-03T09:58:36,-2184,-3750,4200,3630,-2107.97,,3.598,,99,-2820,-2217
2025-12-03T09:58:38,-2184,-3750,4200,3630,-2146.22,,3.598,,99,-2820,-2206
2025-12-03T09:58:40,-2184,-3750,4200,3630,-2108.15,,3.598,,99,-2820,-2191
2025-12-03T09:58:42,-2184,-3750,4200,3630,-2107.97,,3.598,,99,-2820,-2190
2025-12-03T09:58:44,-2184,-3750,4200,3630,-2106.78,,3.598,,99,-2820,-2188
2025-12-03T09:58:46,-2184,-3750,4200,3630,-2105.59,,3.598,,99,-2820,-2189
2025-12-03T09:58:48,-2184,-3750,4200,3630,-2106.78,,3.598,,99,-2820,-2187
2025-12-03T09:58:50,-2184,-3750,4200,3630,-2106.78,,3.598,,99,-2820,-2185
2025-12-03T09:58:52,-2184,-3750,4200,3630,-2106.78,,3.598,,99,-2820,-2184
2025-12-03T09:58:54,-2184,-3750,4200,3630,-2106.78,,3.598,,99,-2820,-2184
2025-12-03T09:58:56,-2184,-3750,4200,3630,-2106.78,,3.598,,99,-2820,-2185
2025-12-03T09:58:58,-2142,-3750,4200,3630,-2106.78,,3.599,,99,-2820,-2184
2025-12-03T09:59:00,-2184,-3750,4200,3630,-2105.59,,3.598,,99,-2820,-2164
2025-12-03T09:59:02,-2184,-3750,4200,3630,-2065.15,,3.598,,99,-2820,-2170
2025-12-03T09:59:04,-2184,-3750,4200,3630,-2106.78,,3.598,,99,-2820,-2181
2025-12-03T09:59:06,-2142,-3750,4200,3630,-2106.78,,3.599,,99,-2820,-2187
2025-12-03T09:59:08,-2142,-3750,4200,3630,-2106.78,,3.599,,99,-2820,-2165
2025-12-03T09:59:10,-2142,-3750,4200,3630,-2066.34,,3.599,,99,-2820,-2149
2025-12-03T09:59:12,-2142,-3750,4200,3630,-2066.16,,3.599,,99,-2820,-2146
2025-12-03T09:59:14,-2184,-3750,4200,3630,-2066.16,,3.598,,99,-2820,-2148
2025-12-03T09:59:16,-2142,-3750,4200,3630,-2066.16,,3.599,,99,-2820,-2147
2025-12-03T09:59:18,-2142,-3750,4200,3630,-2066.16,,3.599,,99,-2820,-2148
2025-12-03T09:59:20,-2142,-3750,4200,3630,-2066.16,,3.599,,99,-2820,-2147
2025-12-03T09:59:22,-2142,-3750,4200,3630,-2066.16,,3.599,,99,-2820,-2148
2025-12-03T09:59:24,-2142,-3750,4200,3630,-2066.16,,3.599,,99,-2820,-2147
2025-12-03T09:59:26,-2142,-3750,4200,3630,-2067.35,,3.599,,99,-2820,-2148
2025-12-03T09:59:28,-2142,-3750,4200,3630,-2066.16,,3.599,,99,-2820,-2147
2025-12-03T09:59:30,-2100,-3750,4200,3630,-2066.16,,3.6,,99,-2820,-2147
2025-12-03T09:59:32,-2142,-3750,4200,3630,-2066.16,,3.599,,99,-2820,-2145
2025-12-03T09:59:34,-2100,-3750,4200,3630,-2066.16,,3.6,,99,-2820,-2145
2025-12-03T09:59:36,-2100,-3750,4200,3630,-2064.97,,3.6,,99,-2820,-2124
2025-12-03T09:59:38,-2100,-3750,4200,3630,-2024.36,,3.6,,99,-2820,-2106
2025-12-03T09:59:40,-2100,-3750,4200,3630,-2024.36,,3.6,,99,-2820,-2112
2025-12-03T09:59:42,-2100,-3750,4200,3630,-2064.8,,3.6,,99,-2820,-2140
2025-12-03T09:59:44,-2100,-3750,4200,3630,-2063.78,,3.6,,99,-2820,-2139
2025-12-03T09:59:46,-2100,-3750,4200,3630,-2024.36,,3.6,,99,-2820,-2106
2025-12-03T09:59:48,-2100,-3750,4200,3630,-2024.36,,3.6,,99,-2820,-2103
2025-12-03T09:59:50,-2100,-3750,4200,3630,-2024.36,,3.6,,99,-2820,-2103
2025-12-03T09:59:52,-2100,-3750,4200,3630,-2025.38,,3.6,,99,-2820,-2105
2025-12-03T09:59:54,-2100,-3750,4200,3630,-2024.19,,3.6,,99,-2820,-2105
2025-12-03T09:59:56,-2100,-3750,4200,3630,-2024.19,,3.6,,99,-2820,-2104
2025-12-03T09:59:58,-2100,-3750,4200,3630,-2023.0,,3.6,,99,-2820,-2106
2025-12-03T10:00:00,-2100,-3750,4200,3630,-2024.19,,3.6,,99,-2820,-2106
2025-12-03T10:00:02,-2100,-3750,4200,3630,-2021.81,,3.6,,99,-2820,-2106
2025-12-03T10:00:04,-2100,-3750,4200,3630,-2024.19,,3.6,,99,-2820,-2107
2025-12-03T10:00:06,-2100,-3750,4200,3630,-2023.0,,3.6,,99,-2820,-2105
2025-12-03T10:00:08,-2058,-3750,4200,3630,-2023.0,,3.601,,99,-2820,-2105
2025-12-03T10:00:10,-2058,-3750,4200,3630,-2024.36,,3.601,,99,-2820,-2094
2025-12-03T10:00:12,-2058,-3750,4200,3630,-1982.56,,3.601,,99,-2820,-2067
2025-12-03T10:00:14,-2100,-3750,4200,3630,-1982.4,,3.6,,99,-2820,-2061
2025-12-03T10:00:16,-2100,-3750,4200,3630,-2024.19,,3.6,,99,-2820,-2096
2025-12-03T10:00:18,-2058,-3750,4200,3630,-2023.0,,3.601,,99,-2820,-2092
2025-12-03T10:00:20,-2058,-3750,4200,3630,-1981.37,,3.601,,99,-2820,-2066
2025-12-03T10:00:22,-2058,-3750,4200,3630,-1983.59,,3.601,,99,-2820,-2061
2025-12-03T10:00:24,-2100,-3750,4200,3630,-1983.59,,3.6,,99,-2820,-2063
2025-12-03T10:00:26,-2058,-3750,4200,3630,-2022.83,,3.601,,99,-2820,-2096
2025-12-03T10:00:28,-2058,-3750,4200,3630,-1982.56,,3.601,,99,-2820,-2066
2025-12-03T10:00:30,-2058,-3750,4200,3630,-1983.59,,3.601,,99,-2820,-2062
2025-12-03T10:00:32,-2058,-3750,4200,3630,-1982.4,,3.601,,99,-2820,-2062
2025-12-03T10:00:34,-2058,-3750,4200,3630,-1982.4,,3.601,,99,-2820,-2061
2025-12-03T10:00:36,-2058,-3750,4200,3630,-1982.4,,3.601,,99,-2820,-2061
2025-12-03T10:00:38,-2058,-3750,4200,3630,-1982.4,,3.601,,99,-2820,-2060
2025-12-03T10:00:40,-2058,-3750,4200,3630,-1983.59,,3.601,,99,-2820,-2062
2025-12-03T10:00:42,-2058,-3750,4200,3630,-1983.59,,3.601,,99,-2820,-2062
2025-12-03T10:00:44,-2058,-3750,4200,3630,-1982.4,,3.601,,99,-2820,-2063
2025-12-03T10:00:46,-2058,-3750,4200,3630,-1983.59,,3.601,,99,-2820,-2063
2025-12-03T10:00:48,-2016,-3750,4200,3630,-1981.21,,3.602,,99,-2820,-2061
2025-12-03T10:00:50,-2016,-3750,4200,3630,-1943.15,,3.602,,99,-2820,-2028
2025-12-03T10:00:52,-2058,-3750,4200,3630,-1940.61,,3.601,,99,-2820,-2023
2025-12-03T10:00:54,-2016,-3750,4200,3630,-1972.72,,3.602,,99,-2820,-2058
2025-12-03T10:00:56,-2058,-3750,4200,3630,-1941.96,,3.601,,99,-2820,-2029
2025-12-03T10:00:58,-2016,-3750,4200,3630,-1982.23,,3.602,,99,-2820,-2058
2025-12-03T10:01:00,-2016,-3750,4200,3630,-1940.61,,3.602,,99,-2820,-2026
2025-12-03T10:01:02,-2058,-3750,4200,3630,-1941.8,,3.601,,99,-2820,-2020
2025-12-03T10:01:04,-2016,-3750,4200,3630,-1969.15,,3.602,,99,-2820,-2054
2025-12-03T10:01:06,-2016,-3750,4200,3630,-1941.96,,3.602,,99,-2820,-2024
2025-12-03T10:01:08,-2016,-3750,4200,3630,-1941.8,,3.602,,99,-2820,-2018
2025-12-03T10:01:10,-2016,-3750,4200,3630,-1941.8,,3.602,,99,-2820,-2017
2025-12-03T10:01:12,-2016,-3750,4200,3630,-1940.61,,3.602,,99,-2820,-2018
2025-12-03T10:01:14,-2058,-3750,4200,3630,-1940.61,,3.601,,99,-2820,-2019
2025-12-03T10:01:16,-2016,-3750,4200,3630,-1981.04,,3.602,,99,-2820,-2053
2025-12-03T10:01:18,-2016,-3750,4200,3630,-1940.77,,3.602,,99,-2820,-2024
2025-12-03T10:01:20,-2016,-3750,4200,3630,-1941.8,,3.602,,99,-2820,-2018
2025-12-03T10:01:22,-1974,-3750,4200,3630,-1940.61,,3.603,,99,-2820,-2019
2025-12-03T10:01:24,-1974,-3750,4200,3630,-1920.4,,3.603,,99,-2820,-1982
2025-12-03T10:01:26,-2016,-3750,4200,3630,-1900.02,,3.602,,99,-2820,-1978
2025-12-03T10:01:28,-2016,-3750,4200,3630,-1940.45,,3.602,,99,-2820,-2010
2025-12-03T10:01:30,-1974,-3750,4200,3630,-1941.64,,3.603,,99,-2820,-2019
2025-12-03T10:01:32,-2016,-3750,4200,3630,-1901.21,,3.602,,99,-2820,-1982
2025-12-03T10:01:34,-1974,-3750,4200,3630,-1921.42,,3.603,,99,-2820,-2011
2025-12-03T10:01:36,-1974,-3750,4200,3630,-1901.21,,3.603,,99,-2820,-1984
2025-12-03T10:01:38,-1974,-3750,4200,3630,-1900.02,,3.603,,99,-2820,-1978
2025-12-03T10:01:40,-1974,-3750,4200,3630,-1901.05,,3.603,,99,-2820,-1977
2025-12-03T10:01:42,-2016,-3750,4200,3630,-1901.05,,3.602,,99,-2820,-1977
2025-12-03T10:01:44,-1974,-3750,4200,3630,-1940.28,,3.603,,99,-2820,-2010
2025-12-03T10:01:46,-1974,-3750,4200,3630,-1901.21,,3.603,,99,-2820,-1987
2025-12-03T10:01:48,-1974,-3750,4200,3630,-1901.05,,3.603,,99,-2820,-1979
2025-12-03T10:01:50,-1932,-3750,4200,3630,-1899.86,,3.604,,99,-2820,-1977
2025-12-03T10:01:52,-1974,-3750,4200,3630,-1858.25,,3.603,,99,-2820,-1948
2025-12-03T10:01:54,-1932,-3750,4200,3630,-1899.7,,3.604,,99,-2820,-1970
2025-12-03T10:01:56,-1932,-3750,4200,3630,-1860.63,,3.604,,99,-2820,-1945
2025-12-03T10:01:58,-1932,-3750,4200,3630,-1860.47,,3.604,,99,-2820,-1937
2025-12-03T10:02:00,-1932,-3750,4200,3630,-1859.13,,3.604,,99,-2820,-1937
2025-12-03T10:02:02,-1932,-3750,4200,3630,-1859.13,,3.604,,99,-2820,-1936
2025-12-03T10:02:04,-1932,-3750,4200,3630,-1859.13,,3.604,,99,-2820,-1937
2025-12-03T10:02:06,-1890,-3750,4200,3630,-1859.13,,3.605,,99,-2820,-1936
2025-12-03T10:02:08,-1890,-3750,4200,3630,-1838.92,,3.605,,99,-2820,-1903
2025-12-03T10:02:10,-1890,-3750,4200,3630,-1818.4,,3.605,,99,-2820,-1896
2025-12-03T10:02:12,-1890,-3750,4200,3630,-1817.22,,3.605,,99,-2820,-1893
2025-12-03T10:02:14,-1890,-3750,4200,3630,-1818.25,,3.605,,99,-2820,-1892
2025-12-03T10:02:16,-1890,-3750,4200,3630,-1819.44,,3.605,,99,-2820,-1892
2025-12-03T10:02:18,-1890,-3750,4200,3630,-1818.25,,3.605,,99,-2820,-1892
2025-12-03T10:02:20,-1890,-3750,4200,3630,-1818.25,,3.605,,99,-2820,-1891
2025-12-03T10:02:22,-1890,-3750,4200,3630,-1818.25,,3.605,,99,-2820,-1892
2025-12-03T10:02:24,-1890,-3750,4200,3630,-1816.91,,3.605,,99,-2820,-1893
2025-12-03T10:02:26,-1890,-3750,4200,3630,-1818.1,,3.605,,99,-2820,-1892
2025-12-03T10:02:28,-1890,-3750,4200,3630,-1816.91,,3.605,,99,-2820,-1893
2025-12-03T10:02:30,-1890,-3750,4200,3630,-1819.29,,3.605,,99,-2820,-1893
2025-12-03T10:02:32,-1848,-3750,4200,3630,-1818.1,,3.606,,99,-2820,-1861
2025-12-03T10:02:34,-1890,-3750,4200,3630,-1777.55,,3.605,,99,-2820,-1854
2025-12-03T10:02:36,-1890,-3750,4200,3630,-1777.4,,3.605,,99,-2820,-1851
2025-12-03T10:02:38,-1890,-3750,4200,3630,-1776.21,,3.605,,99,-2820,-1883
2025-12-03T10:02:40,-1848,-3750,4200,3630,-1818.98,,3.606,,99,-2820,-1867
2025-12-03T10:02:42,-1848,-3750,4200,3630,-1776.21,,3.606,,99,-2820,-1855
2025-12-03T10:02:44,-1848,-3750,4200,3630,-1776.21,,3.606,,99,-2820,-1854
2025-12-03T10:02:46,-1848,-3750,4200,3630,-1776.06,,3.606,,99,-2820,-1852
2025-12-03T10:02:48,-1848,-3750,4200,3630,-1776.06,,3.606,,99,-2820,-1852
2025-12-03T10:02:50,-1848,-3750,4200,3630,-1774.87,,3.606,,99,-2820,-1855
2025-12-03T10:02:52,-1806,-3750,4200,3630,-1777.25,,3.607,,99,-2820,-1829
2025-12-03T10:02:54,-1848,-3750,4200,3630,-1736.71,,3.606,,99,-2820,-1842
2025-12-03T10:02:56,-1806,-3750,4200,3630,-1777.1,,3.607,,99,-2820,-1822
2025-12-03T10:02:58,-1806,-3750,4200,3630,-1736.71,,3.607,,99,-2820,-1837
2025-12-03T10:03:00,-1806,-3750,4200,3630,-1775.76,,3.607,,99,-2820,-1824
2025-12-03T10:03:02,-1806,-3750,4200,3630,-1735.38,,3.607,,99,-2820,-1813
2025-12-03T10:03:04,-1806,-3750,4200,3630,-1735.23,,3.607,,99,-2820,-1811
2025-12-03T10:03:06,-1806,-3750,4200,3630,-1735.23,,3.607,,99,-2820,-1811
2025-12-03T10:03:08,-1806,-3750,4200,3630,-1735.23,,3.607,,99,-2820,-1811
2025-12-03T10:03:10,-1806,-3750,4200,3630,-1736.42,,3.607,,99,-2820,-1812
2025-12-03T10:03:12,-1806,-3750,4200,3630,-1736.27,,3.607,,99,-2820,-1810
2025-12-03T10:03:14,-1764,-3750,4200,3630,-1736.27,,3.608,,99,-2820,-1783
2025-12-03T10:03:16,-1806,-3750,4200,3630,-1694.71,,3.607,,99,-2820,-1789
2025-12-03T10:03:18,-1764,-3750,4200,3630,-1734.94,,3.608,,99,-2820,-1783
2025-12-03T10:03:20,-1806,-3750,4200,3630,-1693.38,,3.607,,99,-2820,-1769
2025-12-03T10:03:22,-1806,-3750,4200,3630,-1693.23,,3.607,,99,-2820,-1786
2025-12-03T10:03:24,-1764,-3750,4200,3630,-1735.98,,3.608,,99,-2820,-1782
2025-12-03T10:03:26,-1764,-3750,4200,3630,-1695.61,,3.608,,99,-2820,-1767
2025-12-03T10:03:28,-1764,-3750,4200,3630,-1693.09,,3.608,,99,-2820,-1767
2025-12-03T10:03:30,-1764,-3750,4200,3630,-1693.09,,3.608,,99,-2820,-1767
2025-12-03T10:03:32,-1764,-3750,4200,3630,-1694.28,,3.608,,99,-2820,-1766
2025-12-03T10:03:34,-1764,-3750,4200,3630,-1692.95,,3.608,,99,-2820,-1766
2025-12-03T10:03:36,-1722,-3750,4200,3630,-1692.95,,3.609,,99,-2820,-1766
2025-12-03T10:03:38,-1764,-3750,4200,3630,-1695.32,,3.608,,99,-2820,-1764
2025-12-03T10:03:40,-1722,-3750,4200,3630,-1692.95,,3.609,,99,-2820,-1763
2025-12-03T10:03:42,-1722,-3750,4200,3630,-1692.95,,3.609,,99,-2820,-1752
2025-12-03T10:03:44,-1764,-3750,4200,3630,-1654.82,,3.608,,99,-2820,-1728
2025-12-03T10:03:46,-1722,-3750,4200,3630,-1654.68,,3.609,,99,-2820,-1746
2025-12-03T10:03:48,-1722,-3750,4200,3630,-1692.66,,3.609,,99,-2820,-1750
2025-12-03T10:03:50,-1722,-3750,4200,3630,-1654.68,,3.609,,99,-2820,-1726
2025-12-03T10:03:52,-1722,-3750,4200,3630,-1652.3,,3.609,,99,-2820,-1724
2025-12-03T10:03:54,-1722,-3750,4200,3630,-1654.54,,3.609,,99,-2820,-1724
2025-12-03T10:03:56,-1722,-3750,4200,3630,-1654.54,,3.609,,99,-2820,-1724
2025-12-03T10:03:58,-1722,-3750,4200,3630,-1654.54,,3.609,,99,-2820,-1724
2025-12-03T10:04:00,-1722,-3750,4200,3630,-1652.03,,3.609,,99,-2820,-1723
2025-12-03T10:04:02,-1722,-3750,4200,3630,-1652.03,,3.609,,99,-2820,-1724
2025-12-03T10:04:04,-1722,-3750,4200,3630,-1652.03,,3.609,,99,-2820,-1725
2025-12-03T10:04:06,-1722,-3750,4200,3630,-1654.4,,3.609,,99,-2820,-1726
2025-12-03T10:04:08,-1680,-3750,4200,3630,-1654.4,,3.61,,99,-2820,-1718
2025-12-03T10:04:10,-1722,-3750,4200,3630,-1611.54,,3.609,,99,-2820,-1705
2025-12-03T10:04:12,-1722,-3750,4200,3630,-1650.56,,3.609,,99,-2820,-1721
2025-12-03T10:04:14,-1680,-3750,4200,3630,-1651.89,,3.61,,99,-2820,-1714
2025-12-03T10:04:16,-1680,-3750,4200,3630,-1611.54,,3.61,,99,-2820,-1687
2025-12-03T10:04:18,-1680,-3750,4200,3630,-1612.59,,3.61,,99,-2820,-1684
2025-12-03T10:04:20,-1680,-3750,4200,3630,-1611.27,,3.61,,99,-2820,-1683
2025-12-03T10:04:22,-1680,-3750,4200,3630,-1611.27,,3.61,,99,-2820,-1683
2025-12-03T10:04:24,-1680,-3750,4200,3630,-1611.27,,3.61,,99,-2820,-1683
2025-12-03T10:04:26,-1680,-3750,4200,3630,-1613.5,,3.61,,99,-2820,-1682
2025-12-03T10:04:28,-1680,-3750,4200,3630,-1611.13,,3.61,,99,-2820,-1681
2025-12-03T10:04:30,-1680,-3750,4200,3630,-1612.32,,3.61,,99,-2820,-1682
2025-12-03T10:04:32,-1638,-3750,4200,3630,-1612.32,,3.611,,99,-2820,-1664
2025-12-03T10:04:34,-1680,-3750,4200,3630,-1574.22,,3.61,,99,-2820,-1651
2025-12-03T10:04:36,-1680,-3750,4200,3630,-1612.05,,3.61,,99,-2820,-1679
2025-12-03T10:04:38,-1638,-3750,4200,3630,-1613.37,,3.611,,99,-2820,-1668
2025-12-03T10:04:40,-1638,-3750,4200,3630,-1571.85,,3.611,,99,-2820,-1647
2025-12-03T10:04:42,-1638,-3750,4200,3630,-1572.9,,3.611,,99,-2820,-1641
2025-12-03T10:04:44,-1680,-3750,4200,3630,-1572.77,,3.61,,99,-2820,-1656
2025-12-03T10:04:46,-1638,-3750,4200,3630,-1603.61,,3.611,,99,-2820,-1675
2025-12-03T10:04:48,-1638,-3750,4200,3630,-1570.53,,3.611,,99,-2820,-1642
2025-12-03T10:04:50,-1638,-3750,4200,3630,-1571.58,,3.611,,99,-2820,-1639
2025-12-03T10:04:52,-1638,-3750,4200,3630,-1570.26,,3.611,,99,-2820,-1638
2025-12-03T10:04:54,-1638,-3750,4200,3630,-1571.45,,3.611,,99,-2820,-1639
2025-12-03T10:04:56,-1638,-3750,4200,3630,-1571.45,,3.611,,99,-2820,-1639
2025-12-03T10:04:58,-1596,-3750,4200,3630,-1572.64,,3.612,,99,-2820,-1628
2025-12-03T10:05:00,-1596,-3750,4200,3630,-1531.0,,3.612,,99,-2820,-1603
2025-12-03T10:05:02,-1638,-3750,4200,3630,-1530.87,,3.611,,99,-2820,-1605
2025-12-03T10:05:04,-1638,-3750,4200,3630,-1549.84,,3.611,,99,-2820,-1633
2025-12-03T10:05:06,-1596,-3750,4200,3630,-1570.0,,3.612,,99,-2820,-1639
2025-12-03T10:05:08,-1638,-3750,4200,3630,-1529.68,,3.611,,99,-2820,-1606
2025-12-03T10:05:10,-1596,-3750,4200,3630,-1571.05,,3.612,,99,-2820,-1629
2025-12-03T10:05:12,-1596,-3750,4200,3630,-1530.87,,3.612,,99,-2820,-1604
2025-12-03T10:05:14,-1596,-3750,4200,3630,-1530.74,,3.612,,99,-2820,-1599
2025-12-03T10:05:16,-1596,-3750,4200,3630,-1530.61,,3.612,,99,-2820,-1599
2025-12-03T10:05:18,-1596,-3750,4200,3630,-1530.61,,3.612,,99,-2820,-1599
2025-12-03T10:05:20,-1596,-3750,4200,3630,-1529.42,,3.612,,99,-2820,-1600
2025-12-03T10:05:22,-1596,-3750,4200,3630,-1530.48,,3.612,,99,-2820,-1598
2025-12-03T10:05:24,-1596,-3750,4200,3630,-1530.48,,3.612,,99,-2820,-1599
2025-12-03T10:05:26,-1596,-3750,4200,3630,-1530.48,,3.612,,99,-2820,-1600
2025-12-03T10:05:28,-1596,-3750,4200,3630,-1530.48,,3.612,,99,-2820,-1601
2025-12-03T10:05:30,-1596,-3750,4200,3630,-1530.48,,3.612,,99,-2820,-1599
2025-12-03T10:05:32,-1596,-3750,4200,3630,-1529.17,,3.612,,99,-2820,-1599
2025-12-03T10:05:34,-1596,-3750,4200,3630,-1529.17,,3.612,,99,-2820,-1600
2025-12-03T10:05:36,-1554,-3750,4200,3630,-1529.17,,3.613,,99,-2820,-1599
2025-12-03T10:05:38,-1554,-3750,4200,3630,-1510.2,,3.613,,99,-2820,-1565
2025-12-03T10:05:40,-1554,-3750,4200,3630,-1488.74,,3.613,,99,-2820,-1559
2025-12-03T10:05:42,-1554,-3750,4200,3630,-1487.43,,3.613,,99,-2820,-1557
2025-12-03T10:05:44,-1554,-3750,4200,3630,-1488.61,,3.613,,99,-2820,-1558
2025-12-03T10:05:46,-1554,-3750,4200,3630,-1488.61,,3.613,,99,-2820,-1558
2025-12-03T10:05:48,-1554,-3750,4200,3630,-1488.49,,3.613,,99,-2820,-1558
2025-12-03T10:05:50,-1554,-3750,4200,3630,-1488.49,,3.613,,99,-2820,-1559
2025-12-03T10:05:52,-1554,-3750,4200,3630,-1488.49,,3.613,,99,-2820,-1558
2025-12-03T10:05:54,-1554,-3750,4200,3630,-1488.49,,3.613,,99,-2820,-1559
2025-12-03T10:05:56,-1554,-3750,4200,3630,-1488.49,,3.613,,99,-2820,-1558
2025-12-03T10:05:58,-1554,-3750,4200,3630,-1487.17,,3.613,,99,-2820,-1557
2025-12-03T10:06:00,-1512,-3750,4200,3630,-1488.36,,3.614,,99,-2820,-1558
2025-12-03T10:06:02,-1512,-3750,4200,3630,-1457.55,,3.614,,99,-2820,-1526
2025-12-03T10:06:04,-1554,-3750,4200,3630,-1446.76,,3.613,,99,-2820,-1515
2025-12-03T10:06:06,-1554,-3750,4200,3630,-1449.01,,3.613,,99,-2820,-1547
2025-12-03T10:06:08,-1554,-3750,4200,3630,-1489.42,,3.613,,99,-2820,-1553
2025-12-03T10:06:10,-1512,-3750,4200,3630,-1488.23,,3.614,,99,-2820,-1555
2025-12-03T10:06:12,-1512,-3750,4200,3630,-1464.54,,3.614,,99,-2820,-1521
2025-12-03T10:06:14,-1512,-3750,4200,3630,-1446.64,,3.614,,99,-2820,-1514
2025-12-03T10:06:16,-1512,-3750,4200,3630,-1446.52,,3.614,,99,-2820,-1514
2025-12-03T10:06:18,-1512,-3750,4200,3630,-1448.89,,3.614,,99,-2820,-1514
2025-12-03T10:06:20,-1512,-3750,4200,3630,-1447.7,,3.614,,99,-2820,-1513
2025-12-03T10:06:22,-1512,-3750,4200,3630,-1447.58,,3.614,,99,-2820,-1513
2025-12-03T10:06:24,-1512,-3750,4200,3630,-1447.58,,3.614,,99,-2820,-1514
2025-12-03T10:06:26,-1512,-3750,4200,3630,-1446.4,,3.614,,99,-2820,-1514
2025-12-03T10:06:28,-1512,-3750,4200,3630,-1447.58,,3.614,,99,-2820,-1513
2025-12-03T10:06:30,-1470,-3750,4200,3630,-1446.27,,3.615,,99,-2820,-1513
2025-12-03T10:06:32,-1470,-3750,4200,3630,-1442.72,,3.615,,99,-2820,-1481
2025-12-03T10:06:34,-1512,-3750,4200,3630,-1405.88,,3.614,,99,-2820,-1475
2025-12-03T10:06:36,-1512,-3750,4200,3630,-1410.62,,3.614,,99,-2820,-1503
2025-12-03T10:06:38,-1470,-3750,4200,3630,-1447.34,,3.615,,99,-2820,-1513
2025-12-03T10:06:40,-1470,-3750,4200,3630,-1447.34,,3.615,,99,-2820,-1486
2025-12-03T10:06:42,-1470,-3750,4200,3630,-1405.76,,3.615,,99,-2820,-1474
2025-12-03T10:06:44,-1512,-3750,4200,3630,-1406.95,,3.614,,99,-2820,-1472
2025-12-03T10:06:46,-1512,-3750,4200,3630,-1406.83,,3.614,,99,-2820,-1503
2025-12-03T10:06:48,-1470,-3750,4200,3630,-1446.03,,3.615,,99,-2820,-1511
2025-12-03T10:06:50,-1428,-3750,4200,3630,-1425.9,,3.616,,99,-2820,-1483
2025-12-03T10:06:52,-1428,-3750,4200,3630,-1406.83,,3.616,,99,-2820,-1440
2025-12-03T10:06:54,-1470,-3750,4200,3630,-1365.27,,3.615,,99,-2820,-1430
2025-12-03T10:06:56,-1470,-3750,4200,3630,-1365.15,,3.615,,99,-2820,-1460
2025-12-03T10:06:58,-1470,-3750,4200,3630,-1406.59,,3.615,,99,-2820,-1470
2025-12-03T10:07:00,-1470,-3750,4200,3630,-1405.41,,3.615,,99,-2820,-1472
2025-12-03T10:07:02,-1470,-3750,4200,3630,-1404.22,,3.615,,99,-2820,-1472
2025-12-03T10:07:04,-1428,-3750,4200,3630,-1405.41,,3.616,,99,-2820,-1472
2025-12-03T10:07:06,-1428,-3750,4200,3630,-1405.41,,3.616,,99,-2820,-1445
2025-12-03T10:07:08,-1470,-3750,4200,3630,-1365.04,,3.615,,99,-2820,-1432
2025-12-03T10:07:10,-1470,-3750,4200,3630,-1385.05,,3.615,,99,-2820,-1460
2025-12-03T10:07:12,-1428,-3750,4200,3630,-1405.29,,3.616,,99,-2820,-1469
2025-12-03T10:07:14,-1428,-3750,4200,3630,-1405.29,,3.616,,99,-2820,-1445
2025-12-03T10:07:16,-1428,-3750,4200,3630,-1364.92,,3.616,,99,-2820,-1432
2025-12-03T10:07:18,-1428,-3750,4200,3630,-1366.11,,3.616,,99,-2820,-1432
2025-12-03T10:07:20,-1428,-3750,4200,3630,-1364.81,,3.616,,99,-2820,-1433
2025-12-03T10:07:22,-1428,-3750,4200,3630,-1364.81,,3.616,,99,-2820,-1433
2025-12-03T10:07:24,-1428,-3750,4200,3630,-1364.81,,3.616,,99,-2820,-1432
2025-12-03T10:07:26,-1428,-3750,4200,3630,-1365.87,,3.616,,99,-2820,-1433
2025-12-03T10:07:28,-1428,-3750,4200,3630,-1365.87,,3.616,,99,-2820,-1432
2025-12-03T10:07:30,-1428,-3750,4200,3630,-1365.87,,3.616,,99,-2820,-1432
2025-12-03T10:07:32,-1428,-3750,4200,3630,-1365.87,,3.616,,99,-2820,-1431
2025-12-03T10:07:34,-1428,-3750,4200,3630,-1367.06,,3.616,,99,-2820,-1432
2025-12-03T10:07:36,-1386,-3750,4200,3630,-1364.58,,3.617,,99,-2820,-1432
2025-12-03T10:07:38,-1386,-3750,4200,3630,-1363.39,,3.617,,99,-2820,-1431
2025-12-03T10:07:40,-1386,-3750,4200,3630,-1363.39,,3.617,,99,-2820,-1407
2025-12-03T10:07:42,-1386,-3750,4200,3630,-1324.22,,3.617,,99,-2820,-1391
2025-12-03T10:07:44,-1428,-3750,4200,3630,-1324.11,,3.616,,99,-2820,-1410
2025-12-03T10:07:46,-1428,-3750,4200,3630,-1365.64,,3.616,,99,-2820,-1430
2025-12-03T10:07:48,-1386,-3750,4200,3630,-1364.46,,3.617,,99,-2820,-1412
2025-12-03T10:07:50,-1386,-3750,4200,3630,-1324.22,,3.617,,99,-2820,-1392
2025-12-03T10:07:52,-1386,-3750,4200,3630,-1322.93,,3.617,,99,-2820,-1389
2025-12-03T10:07:54,-1386,-3750,4200,3630,-1321.63,,3.617,,99,-2820,-1390
2025-12-03T10:07:56,-1428,-3750,4200,3630,-1324.0,,3.616,,99,-2820,-1390
2025-12-03T10:07:58,-1386,-3750,4200,3630,-1324.0,,3.617,,99,-2820,-1389
2025-12-03T10:08:00,-1386,-3750,4200,3630,-1324.0,,3.617,,99,-2820,-1390
2025-12-03T10:08:02,-1386,-3750,4200,3630,-1323.89,,3.617,,99,-2820,-1391
2025-12-03T10:08:04,-1386,-3750,4200,3630,-1323.89,,3.617,,99,-2820,-1390
2025-12-03T10:08:06,-1386,-3750,4200,3630,-1323.89,,3.617,,99,-2820,-1389
2025-12-03T10:08:08,-1386,-3750,4200,3630,-1323.89,,3.617,,99,-2820,-1389
2025-12-03T10:08:10,-1386,-3750,4200,3630,-1323.89,,3.617,,99,-2820,-1372
2025-12-03T10:08:12,-1386,-3750,4200,3630,-1283.45,,3.617,,99,-2820,-1352
2025-12-03T10:08:14,-1386,-3750,4200,3630,-1287.0,,3.617,,99,-2820,-1363
2025-12-03T10:08:16,-1344,-3750,4200,3630,-1323.67,,3.618,,99,-2820,-1385
2025-12-03T10:08:18,-1344,-3750,4200,3630,-1323.67,,3.618,,99,-2820,-1366
2025-12-03T10:08:20,-1386,-3750,4200,3630,-1283.45,,3.617,,99,-2820,-1349
2025-12-03T10:08:22,-1386,-3750,4200,3630,-1282.16,,3.617,,99,-2820,-1362
2025-12-03T10:08:24,-1344,-3750,4200,3630,-1324.74,,3.618,,99,-2820,-1365
2025-12-03T10:08:26,-1344,-3750,4200,3630,-1283.34,,3.618,,99,-2820,-1349
2025-12-03T10:08:28,-1344,-3750,4200,3630,-1280.86,,3.618,,99,-2820,-1345
2025-12-03T10:08:30,-1344,-3750,4200,3630,-1282.05,,3.618,,99,-2820,-1346
2025-12-03T10:08:32,-1344,-3750,4200,3630,-1282.05,,3.618,,99,-2820,-1345
2025-12-03T10:08:34,-1344,-3750,4200,3630,-1283.12,,3.618,,99,-2820,-1346
2025-12-03T10:08:36,-1344,-3750,4200,3630,-1281.94,,3.618,,99,-2820,-1347
2025-12-03T10:08:38,-1344,-3750,4200,3630,-1281.94,,3.618,,99,-2820,-1346
2025-12-03T10:08:40,-1344,-3750,4200,3630,-1280.76,,3.618,,99,-2820,-1347
2025-12-03T10:08:42,-1344,-3750,4200,3630,-1280.76,,3.618,,99,-2820,-1347
2025-12-03T10:08:44,-1344,-3750,4200,3630,-1281.83,,3.618,,99,-2820,-1349
2025-12-03T10:08:46,-1302,-3750,4200,3630,-1280.65,,3.619,,99,-2820,-1348
2025-12-03T10:08:48,-1302,-3750,4200,3630,-1281.83,,3.619,,99,-2820,-1345
2025-12-03T10:08:50,-1344,-3750,4200,3630,-1242.81,,3.618,,99,-2820,-1311
2025-12-03T10:08:52,-1344,-3750,4200,3630,-1242.6,,3.618,,99,-2820,-1323
2025-12-03T10:08:54,-1344,-3750,4200,3630,-1281.72,,3.618,,99,-2820,-1341
2025-12-03T10:08:56,-1302,-3750,4200,3630,-1241.41,,3.619,,99,-2820,-1310
2025-12-03T10:08:58,-1302,-3750,4200,3630,-1242.49,,3.619,,99,-2820,-1321
2025-12-03T10:09:00,-1302,-3750,4200,3630,-1281.61,,3.619,,99,-2820,-1342
2025-12-03T10:09:02,-1302,-3750,4200,3630,-1242.49,,3.619,,99,-2820,-1311
2025-12-03T10:09:04,-1302,-3750,4200,3630,-1242.49,,3.619,,99,-2820,-1321
2025-12-03T10:09:06,-1302,-3750,4200,3630,-1282.69,,3.619,,99,-2820,-1342
2025-12-03T10:09:08,-1302,-3750,4200,3630,-1241.31,,3.619,,99,-2820,-1308
2025-12-03T10:09:10,-1302,-3750,4200,3630,-1241.2,,3.619,,99,-2820,-1304
2025-12-03T10:09:12,-1302,-3750,4200,3630,-1242.39,,3.619,,99,-2820,-1305
2025-12-03T10:09:14,-1302,-3750,4200,3630,-1242.39,,3.619,,99,-2820,-1304
2025-12-03T10:09:16,-1302,-3750,4200,3630,-1241.2,,3.619,,99,-2820,-1303
2025-12-03T10:09:18,-1302,-3750,4200,3630,-1241.1,,3.619,,99,-2820,-1304
2025-12-03T10:09:20,-1302,-3750,4200,3630,-1241.1,,3.619,,99,-2820,-1302
2025-12-03T10:09:22,-1302,-3750,4200,3630,-1242.28,,3.619,,99,-2820,-1303
2025-12-03T10:09:24,-1302,-3750,4200,3630,-1239.92,,3.619,,99,-2820,-1302
2025-12-03T10:09:26,-1302,-3750,4200,3630,-1242.28,,3.619,,99,-2820,-1303
2025-12-03T10:09:28,-1302,-3750,4200,3630,-1199.63,,3.619,,99,-2820,-1266
2025-12-03T10:09:30,-1260,-3750,4200,3630,-1240.89,,3.62,,99,-2820,-1299
2025-12-03T10:09:32,-1260,-3750,4200,3630,-1239.81,,3.62,,99,-2820,-1302
2025-12-03T10:09:34,-1260,-3750,4200,3630,-1201.89,,3.62,,99,-2820,-1267
2025-12-03T10:09:36,-1260,-3750,4200,3630,-1242.07,,3.62,,99,-2820,-1298
2025-12-03T10:09:38,-1260,-3750,4200,3630,-1201.89,,3.62,,99,-2820,-1266
2025-12-03T10:09:40,-1260,-3750,4200,3630,-1199.43,,3.62,,99,-2820,-1263
2025-12-03T10:09:42,-1260,-3750,4200,3630,-1201.79,,3.62,,99,-2820,-1263
2025-12-03T10:09:44,-1260,-3750,4200,3630,-1240.79,,3.62,,99,-2820,-1293
2025-12-03T10:09:46,-1260,-3750,4200,3630,-1200.61,,3.62,,99,-2820,-1268
2025-12-03T10:09:48,-1260,-3750,4200,3630,-1199.32,,3.62,,99,-2820,-1263
2025-12-03T10:09:50,-1260,-3750,4200,3630,-1199.32,,3.62,,99,-2820,-1263
2025-12-03T10:09:52,-1260,-3750,4200,3630,-1200.51,,3.62,,99,-2820,-1263
2025-12-03T10:09:54,-1260,-3750,4200,3630,-1201.59,,3.62,,99,-2820,-1264
2025-12-03T10:09:56,-1260,-3750,4200,3630,-1159.05,,3.62,,99,-2820,-1227
2025-12-03T10:09:58,-1260,-3750,4200,3630,-1201.48,,3.62,,99,-2820,-1259
2025-12-03T10:10:00,-1260,-3750,4200,3630,-1200.3,,3.62,,99,-2820,-1263
